timestamp,direct_naive_minus_arfima_loss
2024-02-15 12:00:00+00:00,1.2038893194068705e-12
2024-02-15 12:30:00+00:00,-4.76569281943007e-13
2024-02-15 13:00:00+00:00,8.102900433826651e-13
2024-02-15 13:30:00+00:00,6.840962774143669e-14
2024-02-15 14:00:00+00:00,-1.026163731364628e-13
2024-02-15 14:30:00+00:00,-1.596311910847669e-11
2024-02-15 15:00:00+00:00,-3.649452569251224e-11
2024-02-15 15:30:00+00:00,-5.890891278477593e-12
2024-02-15 16:00:00+00:00,-9.284006283551218e-12
2024-02-15 16:30:00+00:00,5.802857262428535e-12
2024-02-15 17:00:00+00:00,7.483619506220121e-14
2024-02-15 17:30:00+00:00,5.766277616002863e-13
2024-02-15 18:00:00+00:00,7.192151244126823e-13
2024-02-15 18:30:00+00:00,-1.3955714496219768e-13
2024-02-15 19:00:00+00:00,-2.299339226567115e-13
2024-02-15 19:30:00+00:00,-1.1394388139358135e-13
2024-02-15 20:00:00+00:00,-3.1003824386195176e-13
2024-02-15 20:30:00+00:00,8.769205861425946e-13
2024-02-15 21:00:00+00:00,4.887906789186939e-13
2024-02-15 21:30:00+00:00,1.798777217954671e-13
2024-02-15 22:00:00+00:00,-9.141752271735533e-13
2024-02-15 22:30:00+00:00,2.66256645004218e-12
2024-02-15 23:00:00+00:00,-1.6126045904376278e-13
2024-02-15 23:30:00+00:00,-8.74467159946304e-14
2024-02-16 00:00:00+00:00,-1.0403871172093157e-12
2024-02-16 00:30:00+00:00,-1.3536074038557702e-13
2024-02-16 01:00:00+00:00,-4.5172798344880836e-14
2024-02-16 01:30:00+00:00,-1.4691030488709337e-13
2024-02-16 02:00:00+00:00,7.474936298084665e-13
2024-02-16 02:30:00+00:00,-5.968415531736225e-12
2024-02-16 03:00:00+00:00,6.59673204678641e-12
2024-02-16 03:30:00+00:00,6.510938854882713e-13
2024-02-16 04:00:00+00:00,1.0509037801184415e-13
2024-02-16 04:30:00+00:00,-3.967319358714637e-13
2024-02-16 05:00:00+00:00,-6.926713893442583e-13
2024-02-16 05:30:00+00:00,-5.951226242881579e-13
2024-02-16 06:00:00+00:00,-2.4955890360644963e-13
2024-02-16 06:30:00+00:00,-2.658553697494048e-13
2024-02-16 07:00:00+00:00,9.895597392007745e-16
2024-02-16 07:30:00+00:00,2.3533852474881835e-14
2024-02-16 08:00:00+00:00,9.424925668744112e-15
2024-02-16 08:30:00+00:00,4.2335140955794415e-14
2024-02-16 09:00:00+00:00,-9.168956000883377e-14
2024-02-16 09:30:00+00:00,7.704304902290694e-13
2024-02-16 10:00:00+00:00,1.335361741393499e-12
2024-02-16 10:30:00+00:00,9.174154786991365e-14
2024-02-16 11:00:00+00:00,-1.9520999646853222e-13
2024-02-16 11:30:00+00:00,-3.9818918494407396e-14
2024-02-16 12:00:00+00:00,1.9319163905038955e-13
2024-02-16 12:30:00+00:00,2.1952266435626555e-13
2024-02-16 13:00:00+00:00,-1.3901630114604784e-13
2024-02-16 13:30:00+00:00,4.597303606765507e-13
2024-02-16 14:00:00+00:00,-2.2203803720550856e-13
2024-02-16 14:30:00+00:00,2.314487259879653e-13
2024-02-16 15:00:00+00:00,-6.378218146548558e-12
2024-02-16 15:30:00+00:00,-8.462726282702441e-12
2024-02-16 16:00:00+00:00,9.218227551656962e-12
2024-02-16 16:30:00+00:00,-5.838980204048586e-13
2024-02-16 17:00:00+00:00,2.8409696126720784e-13
2024-02-16 17:30:00+00:00,-2.2177707757671986e-14
2024-02-16 18:00:00+00:00,4.679495755353565e-14
2024-02-16 18:30:00+00:00,2.443123766444754e-13
2024-02-16 19:00:00+00:00,1.175182110518877e-12
2024-02-16 19:30:00+00:00,-4.311767616393871e-13
2024-02-16 20:00:00+00:00,1.05221353381433e-12
2024-02-16 20:30:00+00:00,6.073517485658143e-13
2024-02-16 21:00:00+00:00,-1.8620636829283438e-13
2024-02-16 21:30:00+00:00,-6.684707696052119e-13
2024-02-16 22:00:00+00:00,-8.356210333600552e-13
2024-02-16 22:30:00+00:00,-4.67060924396414e-13
2024-02-16 23:00:00+00:00,-6.577136936983453e-13
2024-02-16 23:30:00+00:00,-5.609989242309286e-13
2024-02-17 00:00:00+00:00,-1.0812892128271316e-13
2024-02-17 00:30:00+00:00,-4.6687740145213974e-14
2024-02-17 01:00:00+00:00,-3.6828321151164484e-13
2024-02-17 01:30:00+00:00,-9.839579805939522e-14
2024-02-17 02:00:00+00:00,-2.2665565514649349e-13
2024-02-17 02:30:00+00:00,-2.946522565306833e-13
2024-02-17 03:00:00+00:00,-4.587845365486298e-13
2024-02-17 03:30:00+00:00,-3.1123995505207876e-13
2024-02-17 04:00:00+00:00,-2.837080208667839e-13
2024-02-17 04:30:00+00:00,-4.773167246253973e-13
2024-02-17 05:00:00+00:00,-3.525436198537936e-13
2024-02-17 05:30:00+00:00,-3.7086687207926027e-13
2024-02-17 06:00:00+00:00,-4.616985213378399e-13
2024-02-17 06:30:00+00:00,-4.025858494312583e-13
2024-02-17 07:00:00+00:00,-3.895095105727851e-13
2024-02-17 07:30:00+00:00,-5.318715149014055e-13
2024-02-17 08:00:00+00:00,-3.641143585718097e-13
2024-02-17 08:30:00+00:00,5.226140031030491e-14
2024-02-17 09:00:00+00:00,-8.004118133119925e-14
2024-02-17 09:30:00+00:00,-1.1931331155520007e-13
2024-02-17 10:00:00+00:00,-2.0165740644016484e-13
2024-02-17 10:30:00+00:00,1.9650803601034691e-13
2024-02-17 11:00:00+00:00,4.8963513380491387e-14
2024-02-17 11:30:00+00:00,-3.94402773171696e-13
2024-02-17 12:00:00+00:00,7.749578683111306e-14
2024-02-17 12:30:00+00:00,-2.7704542084494945e-13
2024-02-17 13:00:00+00:00,-1.77292795578001e-13
2024-02-17 13:30:00+00:00,2.6654521734320214e-13
2024-02-17 14:00:00+00:00,-6.819467946303463e-13
2024-02-17 14:30:00+00:00,3.1580796395295793e-12
2024-02-17 15:00:00+00:00,2.920368224608918e-12
2024-02-17 15:30:00+00:00,1.7010710997253025e-11
2024-02-17 16:00:00+00:00,1.2226075325804398e-12
2024-02-17 16:30:00+00:00,-4.2550263294352564e-13
2024-02-17 17:00:00+00:00,2.354352663777785e-13
2024-02-17 17:30:00+00:00,-2.2464481209589773e-14
2024-02-17 18:00:00+00:00,-2.399603801842252e-13
2024-02-17 18:30:00+00:00,-6.966931979524528e-13
2024-02-17 19:00:00+00:00,-5.20681536654185e-13
2024-02-17 19:30:00+00:00,-2.8641507109024136e-13
2024-02-17 20:00:00+00:00,-4.418554165234436e-13
2024-02-17 20:30:00+00:00,-5.417590542241337e-13
2024-02-17 21:00:00+00:00,-4.219119297778795e-13
2024-02-17 21:30:00+00:00,1.61790527312951e-12
2024-02-17 22:00:00+00:00,3.0633791041659486e-13
2024-02-17 22:30:00+00:00,2.454980220626521e-13
2024-02-17 23:00:00+00:00,-1.7006154836303367e-13
2024-02-17 23:30:00+00:00,-5.132899507341163e-13
2024-02-18 00:00:00+00:00,-6.231540164291904e-13
2024-02-18 00:30:00+00:00,-2.5630129119723437e-13
2024-02-18 01:00:00+00:00,-1.0807319498113989e-13
2024-02-18 01:30:00+00:00,-7.619295691915932e-14
2024-02-18 02:00:00+00:00,-1.7434192669658075e-13
2024-02-18 02:30:00+00:00,8.818795569433431e-14
2024-02-18 03:00:00+00:00,8.087616217088356e-14
2024-02-18 03:30:00+00:00,-1.2545748337237956e-13
2024-02-18 04:00:00+00:00,-4.4252048829038283e-13
2024-02-18 04:30:00+00:00,2.870301618959736e-14
2024-02-18 05:00:00+00:00,2.277073854095115e-14
2024-02-18 05:30:00+00:00,-2.861555828888821e-13
2024-02-18 06:00:00+00:00,-1.7822238523183647e-13
2024-02-18 06:30:00+00:00,-1.907747990721511e-13
2024-02-18 07:00:00+00:00,7.56363914792523e-14
2024-02-18 07:30:00+00:00,-5.730137892651338e-14
2024-02-18 08:00:00+00:00,-2.335968158368687e-13
2024-02-18 08:30:00+00:00,-3.340942221617269e-13
2024-02-18 09:00:00+00:00,-4.584926674013113e-13
2024-02-18 09:30:00+00:00,7.362183948136661e-13
2024-02-18 10:00:00+00:00,3.524678645839897e-13
2024-02-18 10:30:00+00:00,-3.024877079730397e-14
2024-02-18 11:00:00+00:00,-2.7175318789408073e-13
2024-02-18 11:30:00+00:00,-3.604598219549999e-14
2024-02-18 12:00:00+00:00,-2.8277713482465707e-13
2024-02-18 12:30:00+00:00,-4.5156308879957154e-13
2024-02-18 13:00:00+00:00,1.5063116749174e-13
2024-02-18 13:30:00+00:00,-1.8971312915621255e-13
2024-02-18 14:00:00+00:00,-3.201922784897102e-13
2024-02-18 14:30:00+00:00,-2.387223883645341e-13
2024-02-18 15:00:00+00:00,3.116908927286126e-13
2024-02-18 15:30:00+00:00,3.77924872068545e-14
2024-02-18 16:00:00+00:00,-1.1012526783795487e-13
2024-02-18 16:30:00+00:00,-1.8837642139563627e-13
2024-02-18 17:00:00+00:00,-2.5852537694949836e-13
2024-02-18 17:30:00+00:00,1.2644697311065393e-13
2024-02-18 18:00:00+00:00,-6.791424467432767e-14
2024-02-18 18:30:00+00:00,9.662286530149396e-14
2024-02-18 19:00:00+00:00,-1.734470364644428e-13
2024-02-18 19:30:00+00:00,-1.1349295475953346e-13
2024-02-18 20:00:00+00:00,-2.562914949252779e-13
2024-02-18 20:30:00+00:00,8.904858781083881e-14
2024-02-18 21:00:00+00:00,-1.434209996070378e-13
2024-02-18 21:30:00+00:00,-1.8310189437130413e-13
2024-02-18 22:00:00+00:00,-5.705462366599643e-14
2024-02-18 22:30:00+00:00,1.0211744220204852e-12
2024-02-18 23:00:00+00:00,1.0146730549741875e-13
2024-02-18 23:30:00+00:00,-2.860120666052997e-13
2024-02-19 00:00:00+00:00,5.719005118422909e-13
2024-02-19 00:30:00+00:00,2.5401569818163073e-14
2024-02-19 01:00:00+00:00,1.1084841188291138e-12
2024-02-19 01:30:00+00:00,1.744535079653673e-12
2024-02-19 02:00:00+00:00,-1.2115187011556156e-13
2024-02-19 02:30:00+00:00,-9.305803622603698e-14
2024-02-19 03:00:00+00:00,-2.762633560568105e-13
2024-02-19 03:30:00+00:00,-3.947279675138687e-13
2024-02-19 04:00:00+00:00,-3.8272712984592683e-13
2024-02-19 04:30:00+00:00,-2.9795934148110134e-13
2024-02-19 05:00:00+00:00,-2.0909824816052158e-13
2024-02-19 05:30:00+00:00,-1.2641315599331458e-13
2024-02-19 06:00:00+00:00,1.46061871247112e-13
2024-02-19 06:30:00+00:00,-1.0710006027783634e-13
2024-02-19 07:00:00+00:00,1.6317067703133222e-13
2024-02-19 07:30:00+00:00,1.1522014990257121e-14
2024-02-19 08:00:00+00:00,9.928254158337589e-14
2024-02-19 08:30:00+00:00,-3.0405225888091866e-13
2024-02-19 09:00:00+00:00,2.813939683447678e-13
2024-02-19 09:30:00+00:00,-1.0727747655813663e-13
2024-02-19 10:00:00+00:00,4.3397215974250397e-13
2024-02-19 10:30:00+00:00,9.712761535891517e-14
2024-02-19 11:00:00+00:00,2.60042062051608e-12
2024-02-19 11:30:00+00:00,-4.618529400757413e-13
2024-02-19 12:00:00+00:00,-2.910309387426824e-13
2024-02-19 12:30:00+00:00,1.1021646265742263e-13
2024-02-19 13:00:00+00:00,-7.292004961954378e-14
2024-02-19 13:30:00+00:00,2.0292384465283579e-13
2024-02-19 14:00:00+00:00,3.99949818020351e-13
2024-02-19 14:30:00+00:00,3.904934755323529e-14
2024-02-19 15:00:00+00:00,-8.703453019573529e-14
2024-02-19 15:30:00+00:00,1.1029779255267902e-13
2024-02-19 16:00:00+00:00,2.2817480536030805e-14
2024-02-19 16:30:00+00:00,-1.7977451066830855e-13
2024-02-19 17:00:00+00:00,2.5177161254764e-12
2024-02-19 17:30:00+00:00,3.1875924553642343e-12
2024-02-19 18:00:00+00:00,-7.106376728022893e-13
2024-02-19 18:30:00+00:00,3.6791809378726213e-13
2024-02-19 19:00:00+00:00,-2.2149634168497902e-13
2024-02-19 19:30:00+00:00,-3.2713184299754776e-13
2024-02-19 20:00:00+00:00,-4.256520162376736e-13
2024-02-19 20:30:00+00:00,-3.4807943969985654e-13
2024-02-19 21:00:00+00:00,-3.555830174117255e-13
2024-02-19 21:30:00+00:00,-2.289145269965058e-13
2024-02-19 22:00:00+00:00,3.05094350004044e-13
2024-02-19 22:30:00+00:00,-1.2417006302460073e-13
2024-02-19 23:00:00+00:00,-2.4752391313797817e-13
2024-02-19 23:30:00+00:00,1.3317191759027695e-14
2024-02-20 00:00:00+00:00,-2.0048568824948203e-13
2024-02-20 00:30:00+00:00,-1.2877755720520636e-13
2024-02-20 01:00:00+00:00,3.7421192098949253e-13
2024-02-20 01:30:00+00:00,-1.7677875858914004e-12
2024-02-20 02:00:00+00:00,3.074914652402733e-12
2024-02-20 02:30:00+00:00,-2.277550926893962e-13
2024-02-20 03:00:00+00:00,-2.2245070491093207e-13
2024-02-20 03:30:00+00:00,-3.9997026690426033e-13
2024-02-20 04:00:00+00:00,6.856328736774503e-14
2024-02-20 04:30:00+00:00,-1.342267297560561e-13
2024-02-20 05:00:00+00:00,-3.46034706192019e-13
2024-02-20 05:30:00+00:00,3.1130180161688155e-13
2024-02-20 06:00:00+00:00,1.8064001159330093e-14
2024-02-20 06:30:00+00:00,3.0037445371614193e-13
2024-02-20 07:00:00+00:00,-2.559028603318955e-13
2024-02-20 07:30:00+00:00,-3.445467886806788e-13
2024-02-20 08:00:00+00:00,4.3047312890047937e-13
2024-02-20 08:30:00+00:00,5.612859789828652e-13
2024-02-20 09:00:00+00:00,1.3608898021975863e-13
2024-02-20 09:30:00+00:00,7.960148449789296e-13
2024-02-20 10:00:00+00:00,-2.0744984525800107e-12
2024-02-20 10:30:00+00:00,2.09496943472937e-12
2024-02-20 11:00:00+00:00,3.8303501690032025e-14
2024-02-20 11:30:00+00:00,5.417002194706203e-13
2024-02-20 12:00:00+00:00,6.146872069315521e-13
2024-02-20 12:30:00+00:00,9.966168153442848e-13
2024-02-20 13:00:00+00:00,2.4274078879092052e-12
2024-02-20 13:30:00+00:00,4.341525228041521e-13
2024-02-20 14:00:00+00:00,-2.799241173575451e-12
2024-02-20 14:30:00+00:00,-3.3825537604163294e-11
2024-02-20 15:00:00+00:00,-2.954991540910912e-11
2024-02-20 15:30:00+00:00,5.263053956792837e-12
2024-02-20 16:00:00+00:00,1.6974259442143521e-12
2024-02-20 16:30:00+00:00,2.2645340172494422e-12
2024-02-20 17:00:00+00:00,5.282752483006644e-13
2024-02-20 17:30:00+00:00,-7.456244716265702e-12
2024-02-20 18:00:00+00:00,1.4448330211780735e-11
2024-02-20 18:30:00+00:00,-4.0914559841179476e-13
2024-02-20 19:00:00+00:00,-1.1587883362511071e-12
2024-02-20 19:30:00+00:00,6.868200195523526e-16
2024-02-20 20:00:00+00:00,1.145886405553859e-13
2024-02-20 20:30:00+00:00,3.4352863932058936e-13
2024-02-20 21:00:00+00:00,-3.63022411364146e-13
2024-02-20 21:30:00+00:00,1.24290694500451e-13
2024-02-20 22:00:00+00:00,-3.764710607144922e-13
2024-02-20 22:30:00+00:00,-7.561509742366663e-13
2024-02-20 23:00:00+00:00,-3.066119315846899e-13
2024-02-20 23:30:00+00:00,1.1379130318912337e-12
2024-02-21 00:00:00+00:00,2.741652624606156e-12
2024-02-21 00:30:00+00:00,-3.0837110323594106e-13
2024-02-21 01:00:00+00:00,-1.7413226829694394e-13
2024-02-21 01:30:00+00:00,-1.8943688613109315e-13
2024-02-21 02:00:00+00:00,-2.6271760310049593e-13
2024-02-21 02:30:00+00:00,-2.4217144409571615e-13
2024-02-21 03:00:00+00:00,-7.971090047786751e-14
2024-02-21 03:30:00+00:00,-3.2093032616414934e-13
2024-02-21 04:00:00+00:00,-5.709864047869147e-13
2024-02-21 04:30:00+00:00,-7.627668726503965e-13
2024-02-21 05:00:00+00:00,2.5213136459722505e-13
2024-02-21 05:30:00+00:00,-2.0173635655753688e-13
2024-02-21 06:00:00+00:00,1.1744722300963218e-13
2024-02-21 06:30:00+00:00,-1.4002780554591653e-14
2024-02-21 07:00:00+00:00,-4.834276449467461e-14
2024-02-21 07:30:00+00:00,-3.396568342918353e-13
2024-02-21 08:00:00+00:00,1.164536526150453e-12
2024-02-21 08:30:00+00:00,1.3290327762184258e-11
2024-02-21 09:00:00+00:00,-2.5397808522671207e-12
2024-02-21 09:30:00+00:00,-3.715412041143749e-12
2024-02-21 10:00:00+00:00,-5.804879662013849e-12
2024-02-21 10:30:00+00:00,-5.5931912875978e-12
2024-02-21 11:00:00+00:00,7.649893284410531e-12
2024-02-21 11:30:00+00:00,-3.833554503298857e-13
2024-02-21 12:00:00+00:00,6.586387624566148e-13
2024-02-21 12:30:00+00:00,-5.364820485987079e-12
2024-02-21 13:00:00+00:00,-1.6386980116706193e-12
2024-02-21 13:30:00+00:00,6.8704198023608635e-12
2024-02-21 14:00:00+00:00,6.505977019233516e-13
2024-02-21 14:30:00+00:00,-2.992721529689235e-12
2024-02-21 15:00:00+00:00,-7.278369001748253e-12
2024-02-21 15:30:00+00:00,-9.690126167245612e-12
2024-02-21 16:00:00+00:00,8.983845493623996e-12
2024-02-21 16:30:00+00:00,-1.5710758926084846e-13
2024-02-21 17:00:00+00:00,-7.648941108945256e-15
2024-02-21 17:30:00+00:00,3.680247298895167e-13
2024-02-21 18:00:00+00:00,1.9746848660625296e-13
2024-02-21 18:30:00+00:00,4.621991777930241e-13
2024-02-21 19:00:00+00:00,4.064550939227994e-13
2024-02-21 19:30:00+00:00,1.4282410695962407e-13
2024-02-21 20:00:00+00:00,5.560422652890767e-13
2024-02-21 20:30:00+00:00,-3.3780388272526274e-13
2024-02-21 21:00:00+00:00,8.989299870652182e-14
2024-02-21 21:30:00+00:00,3.377463683587064e-13
2024-02-21 22:00:00+00:00,4.161084698315872e-12
2024-02-21 22:30:00+00:00,-5.608526962886861e-13
2024-02-21 23:00:00+00:00,-3.531031412130896e-13
2024-02-21 23:30:00+00:00,-2.2158416023992396e-13
2024-02-22 00:00:00+00:00,-2.4524072736428827e-13
2024-02-22 00:30:00+00:00,1.2825233774090912e-12
2024-02-22 01:00:00+00:00,-5.486498963832129e-12
2024-02-22 01:30:00+00:00,-3.0934230993009182e-12
2024-02-22 02:00:00+00:00,-8.779239392346791e-13
2024-02-22 02:30:00+00:00,2.0944927461013474e-12
2024-02-22 03:00:00+00:00,-3.165252226781766e-13
2024-02-22 03:30:00+00:00,-6.317609816335802e-13
2024-02-22 04:00:00+00:00,-1.959561994980301e-13
2024-02-22 04:30:00+00:00,-5.108150338764673e-13
2024-02-22 05:00:00+00:00,2.0861477823327603e-13
2024-02-22 05:30:00+00:00,-2.9385895560361376e-13
2024-02-22 06:00:00+00:00,3.091592683124542e-13
2024-02-22 06:30:00+00:00,3.1386850561501983e-13
2024-02-22 07:00:00+00:00,6.145484740992195e-13
2024-02-22 07:30:00+00:00,4.792981047383762e-13
2024-02-22 08:00:00+00:00,-1.2632090585959507e-12
2024-02-22 08:30:00+00:00,-9.403390213167698e-13
2024-02-22 09:00:00+00:00,-1.8130407627493773e-12
2024-02-22 09:30:00+00:00,-1.4685677048057527e-12
2024-02-22 10:00:00+00:00,6.823220450779957e-14
2024-02-22 10:30:00+00:00,-1.9771359703241607e-12
2024-02-22 11:00:00+00:00,-4.621962166479933e-13
2024-02-22 11:30:00+00:00,1.242618097828429e-13
2024-02-22 12:00:00+00:00,-2.288092463673617e-14
2024-02-22 12:30:00+00:00,-1.928619062480336e-13
2024-02-22 13:00:00+00:00,-2.533500816761217e-13
2024-02-22 13:30:00+00:00,-3.4535518475668598e-12
2024-02-22 14:00:00+00:00,1.598306925088353e-12
2024-02-22 14:30:00+00:00,2.8137279458773185e-12
2024-02-22 15:00:00+00:00,7.216476323141435e-13
2024-02-22 15:30:00+00:00,1.614245211049091e-13
2024-02-22 16:00:00+00:00,-6.551036606387311e-13
2024-02-22 16:30:00+00:00,2.3107049033231385e-13
2024-02-22 17:00:00+00:00,4.489487770080161e-13
2024-02-22 17:30:00+00:00,6.476283183120902e-15
2024-02-22 18:00:00+00:00,-2.232472223435599e-13
2024-02-22 18:30:00+00:00,-5.242465309668146e-13
2024-02-22 19:00:00+00:00,2.276627608123258e-13
2024-02-22 19:30:00+00:00,-2.0430695576349736e-13
2024-02-22 20:00:00+00:00,-1.9502256602608473e-13
2024-02-22 20:30:00+00:00,4.4744610018809276e-13
2024-02-22 21:00:00+00:00,-4.122219239194689e-12
2024-02-22 21:30:00+00:00,2.92649228970901e-11
2024-02-22 22:00:00+00:00,-2.6153794391779724e-13
2024-02-22 22:30:00+00:00,1.465099315061168e-12
2024-02-22 23:00:00+00:00,2.857600107887602e-12
2024-02-22 23:30:00+00:00,-2.906136014085469e-13
2024-02-23 00:00:00+00:00,-1.450507018876548e-13
2024-02-23 00:30:00+00:00,-2.141312782005457e-13
2024-02-23 01:00:00+00:00,-4.992375545933941e-13
2024-02-23 01:30:00+00:00,-3.4938285469191444e-13
2024-02-23 02:00:00+00:00,-2.1663471920159644e-13
2024-02-23 02:30:00+00:00,-3.717650824025206e-13
2024-02-23 03:00:00+00:00,6.884617121286903e-13
2024-02-23 03:30:00+00:00,1.5550961318774988e-13
2024-02-23 04:00:00+00:00,4.0095327802828934e-13
2024-02-23 04:30:00+00:00,2.53516595530959e-13
2024-02-23 05:00:00+00:00,-2.2845420398112436e-13
2024-02-23 05:30:00+00:00,-5.073310722817478e-13
2024-02-23 06:00:00+00:00,-2.0396279503176177e-13
2024-02-23 06:30:00+00:00,-3.458729982064662e-13
2024-02-23 07:00:00+00:00,-5.786819417610184e-13
2024-02-23 07:30:00+00:00,-2.877658588342555e-13
2024-02-23 08:00:00+00:00,7.78408535500908e-14
2024-02-23 08:30:00+00:00,-3.0865783178594496e-13
2024-02-23 09:00:00+00:00,-2.1129441894894607e-12
2024-02-23 09:30:00+00:00,-1.99786498817576e-12
2024-02-23 10:00:00+00:00,9.059521520801066e-13
2024-02-23 10:30:00+00:00,-8.083181542389397e-13
2024-02-23 11:00:00+00:00,-5.647877075299015e-13
2024-02-23 11:30:00+00:00,-6.070272207983442e-13
2024-02-23 12:00:00+00:00,-2.7068843829597856e-13
2024-02-23 12:30:00+00:00,3.2857658792054303e-13
2024-02-23 13:00:00+00:00,4.4573174769850945e-13
2024-02-23 13:30:00+00:00,-3.5246910312396077e-13
2024-02-23 14:00:00+00:00,6.42586925976903e-14
2024-02-23 14:30:00+00:00,4.986378807913717e-13
2024-02-23 15:00:00+00:00,-6.919292857614536e-12
2024-02-23 15:30:00+00:00,-2.758042785569485e-12
2024-02-23 16:00:00+00:00,-3.910629305169777e-12
2024-02-23 16:30:00+00:00,-1.344483552355362e-12
2024-02-23 17:00:00+00:00,2.1941768283629787e-12
2024-02-23 17:30:00+00:00,-2.41745781344781e-13
2024-02-23 18:00:00+00:00,-5.815078933504714e-13
2024-02-23 18:30:00+00:00,-7.325826475233365e-13
2024-02-23 19:00:00+00:00,-6.628550367211338e-13
2024-02-23 19:30:00+00:00,-5.985652198037312e-13
2024-02-23 20:00:00+00:00,3.4480570623215056e-13
2024-02-23 20:30:00+00:00,4.3454933934596695e-13
2024-02-23 21:00:00+00:00,-2.1735581142807606e-13
2024-02-23 21:30:00+00:00,-4.778140249647557e-13
2024-02-23 22:00:00+00:00,-3.829040822421014e-13
2024-02-23 22:30:00+00:00,-3.274338086556183e-13
2024-02-23 23:00:00+00:00,-6.430484940647152e-15
2024-02-23 23:30:00+00:00,2.6023028626187244e-13
2024-02-24 00:00:00+00:00,3.57047664003999e-14
2024-02-24 00:30:00+00:00,3.122895299092102e-14
2024-02-24 01:00:00+00:00,-3.003629763345218e-13
2024-02-24 01:30:00+00:00,-8.812136989745283e-14
2024-02-24 02:00:00+00:00,-1.657594943123093e-13
2024-02-24 02:30:00+00:00,-2.1590596041031635e-13
2024-02-24 03:00:00+00:00,-2.665292928467645e-13
2024-02-24 03:30:00+00:00,-5.163215109182163e-13
2024-02-24 04:00:00+00:00,-7.279107449956622e-13
2024-02-24 04:30:00+00:00,-3.5955849369502235e-14
2024-02-24 05:00:00+00:00,-2.7433756872670337e-13
2024-02-24 05:30:00+00:00,-1.5502829847281532e-13
2024-02-24 06:00:00+00:00,-5.637697429033011e-13
2024-02-24 06:30:00+00:00,-4.3942952667747417e-13
2024-02-24 07:00:00+00:00,-6.055777665196948e-13
2024-02-24 07:30:00+00:00,-1.4283978864014653e-13
2024-02-24 08:00:00+00:00,-2.381402689754709e-13
2024-02-24 08:30:00+00:00,-2.8161194605408025e-13
2024-02-24 09:00:00+00:00,-1.7364342368193852e-13
2024-02-24 09:30:00+00:00,-3.7344296862162314e-13
2024-02-24 10:00:00+00:00,-4.43147084119272e-13
2024-02-24 10:30:00+00:00,-3.346415245251105e-13
2024-02-24 11:00:00+00:00,-4.741136821755133e-13
2024-02-24 11:30:00+00:00,-9.774510364655794e-14
2024-02-24 12:00:00+00:00,-7.486377509303278e-14
2024-02-24 12:30:00+00:00,-4.0092212485178537e-13
2024-02-24 13:00:00+00:00,-4.1497025933416603e-13
2024-02-24 13:30:00+00:00,-3.7381896455803357e-13
2024-02-24 14:00:00+00:00,-3.4988569014589943e-13
2024-02-24 14:30:00+00:00,-2.718637029686026e-13
2024-02-24 15:00:00+00:00,-2.115412292524279e-13
2024-02-24 15:30:00+00:00,-4.586214219651587e-13
2024-02-24 16:00:00+00:00,-3.4657048318330793e-13
2024-02-24 16:30:00+00:00,-3.7163795851393e-13
2024-02-24 17:00:00+00:00,-4.557430914203467e-13
2024-02-24 17:30:00+00:00,-9.44803064142378e-14
2024-02-24 18:00:00+00:00,7.117534485378034e-13
2024-02-24 18:30:00+00:00,1.0969463535186306e-12
2024-02-24 19:00:00+00:00,-2.8918453376827915e-13
2024-02-24 19:30:00+00:00,-3.9968392525362074e-13
2024-02-24 20:00:00+00:00,-4.652616658847993e-13
2024-02-24 20:30:00+00:00,-8.551885971264233e-16
2024-02-24 21:00:00+00:00,-3.337236264020174e-13
2024-02-24 21:30:00+00:00,-3.673346846061753e-13
2024-02-24 22:00:00+00:00,6.936099413172493e-13
2024-02-24 22:30:00+00:00,2.5428478596050716e-13
2024-02-24 23:00:00+00:00,-5.815518454468471e-13
2024-02-24 23:30:00+00:00,-2.9350677282365735e-13
2024-02-25 00:00:00+00:00,-3.3305437887973913e-13
2024-02-25 00:30:00+00:00,-3.2653968863928177e-13
2024-02-25 01:00:00+00:00,-3.5874330169072403e-13
2024-02-25 01:30:00+00:00,-1.3556299723756218e-13
2024-02-25 02:00:00+00:00,1.4862118688215003e-13
2024-02-25 02:30:00+00:00,4.152165616383857e-14
2024-02-25 03:00:00+00:00,1.7308587203283964e-13
2024-02-25 03:30:00+00:00,-3.940786348556541e-13
2024-02-25 04:00:00+00:00,7.84058450805297e-14
2024-02-25 04:30:00+00:00,-2.9310806185658873e-13
2024-02-25 05:00:00+00:00,-2.6657814676184847e-13
2024-02-25 05:30:00+00:00,-3.215188421266707e-13
2024-02-25 06:00:00+00:00,-3.831235315363838e-13
2024-02-25 06:30:00+00:00,-2.1706891651379583e-13
2024-02-25 07:00:00+00:00,2.6465160398910486e-13
2024-02-25 07:30:00+00:00,6.585362499521638e-13
2024-02-25 08:00:00+00:00,-4.228654775615241e-13
2024-02-25 08:30:00+00:00,-4.729816843612184e-13
2024-02-25 09:00:00+00:00,-2.2539993218167425e-13
2024-02-25 09:30:00+00:00,-1.916776570941543e-13
2024-02-25 10:00:00+00:00,-4.395902049751344e-13
2024-02-25 10:30:00+00:00,-3.5704492240386136e-13
2024-02-25 11:00:00+00:00,-4.961056541873158e-13
2024-02-25 11:30:00+00:00,2.1529177014506403e-13
2024-02-25 12:00:00+00:00,-1.3297855988261835e-12
2024-02-25 12:30:00+00:00,2.1085854822891812e-12
2024-02-25 13:00:00+00:00,-3.0336997121928734e-13
2024-02-25 13:30:00+00:00,-1.0914109011668191e-13
2024-02-25 14:00:00+00:00,-6.690423381789792e-14
2024-02-25 14:30:00+00:00,-3.1070280512682866e-13
2024-02-25 15:00:00+00:00,7.305251462681946e-13
2024-02-25 15:30:00+00:00,8.049308806942311e-13
2024-02-25 16:00:00+00:00,3.5825149034962627e-13
2024-02-25 16:30:00+00:00,6.275359746511643e-13
2024-02-25 17:00:00+00:00,9.373728245396697e-14
2024-02-25 17:30:00+00:00,3.221172841670386e-14
2024-02-25 18:00:00+00:00,-3.7863003148788126e-13
2024-02-25 18:30:00+00:00,-8.912712290061859e-14
2024-02-25 19:00:00+00:00,-2.7620129123571553e-13
2024-02-25 19:30:00+00:00,5.919392063312351e-13
2024-02-25 20:00:00+00:00,3.7273139034303164e-13
2024-02-25 20:30:00+00:00,1.1332453703995607e-12
2024-02-25 21:00:00+00:00,1.8779518205269994e-12
2024-02-25 21:30:00+00:00,-2.2137617217701316e-13
2024-02-25 22:00:00+00:00,-3.7761459564716425e-13
2024-02-25 22:30:00+00:00,-2.462065597389944e-14
2024-02-25 23:00:00+00:00,4.068194135149999e-13
2024-02-25 23:30:00+00:00,9.613330220865625e-14
2024-02-26 00:00:00+00:00,-2.6326988777223616e-13
2024-02-26 00:30:00+00:00,1.9242222621628677e-13
2024-02-26 01:00:00+00:00,-1.4761244924221344e-13
2024-02-26 01:30:00+00:00,-3.3899916841660604e-14
2024-02-26 02:00:00+00:00,-1.646986314107883e-13
2024-02-26 02:30:00+00:00,-2.0237544698390447e-13
2024-02-26 03:00:00+00:00,1.0693564154709934e-13
2024-02-26 03:30:00+00:00,-8.01510522367721e-14
2024-02-26 04:00:00+00:00,-3.0078362999787335e-13
2024-02-26 04:30:00+00:00,1.4090257069344349e-14
2024-02-26 05:00:00+00:00,3.7420665818375063e-14
2024-02-26 05:30:00+00:00,-3.1927245621302453e-13
2024-02-26 06:00:00+00:00,-2.5569577114875e-13
2024-02-26 06:30:00+00:00,-4.694728078906569e-13
2024-02-26 07:00:00+00:00,-2.2371969464212374e-13
2024-02-26 07:30:00+00:00,-8.177722459709064e-14
2024-02-26 08:00:00+00:00,-2.076317005226839e-13
2024-02-26 08:30:00+00:00,-1.0686567904543014e-13
2024-02-26 09:00:00+00:00,-3.7205005194633083e-13
2024-02-26 09:30:00+00:00,5.17642049614114e-13
2024-02-26 10:00:00+00:00,-9.77637907762076e-13
2024-02-26 10:30:00+00:00,7.64089927263897e-13
2024-02-26 11:00:00+00:00,2.2494046332237804e-13
2024-02-26 11:30:00+00:00,-1.821443086592499e-13
2024-02-26 12:00:00+00:00,3.2862411408351765e-13
2024-02-26 12:30:00+00:00,-4.446833195054449e-14
2024-02-26 13:00:00+00:00,-2.201107448924657e-13
2024-02-26 13:30:00+00:00,3.7453007011523925e-13
2024-02-26 14:00:00+00:00,7.546741988142481e-13
2024-02-26 14:30:00+00:00,-1.1414193303524931e-13
2024-02-26 15:00:00+00:00,8.806319639533426e-14
2024-02-26 15:30:00+00:00,-8.593388142840543e-13
2024-02-26 16:00:00+00:00,-6.906879638658368e-12
2024-02-26 16:30:00+00:00,-2.478043863975976e-11
2024-02-26 17:00:00+00:00,3.706033379220631e-11
2024-02-26 17:30:00+00:00,1.934902760403566e-14
2024-02-26 18:00:00+00:00,-1.391971367235142e-13
2024-02-26 18:30:00+00:00,-4.0040189593226126e-13
2024-02-26 19:00:00+00:00,1.1721996549509133e-13
2024-02-26 19:30:00+00:00,-4.748593533902206e-13
2024-02-26 20:00:00+00:00,2.6642716375171708e-11
2024-02-26 20:30:00+00:00,-7.459630249217536e-13
2024-02-26 21:00:00+00:00,2.5143257529201768e-12
2024-02-26 21:30:00+00:00,8.46737995392014e-13
2024-02-26 22:00:00+00:00,-3.2497160699612847e-13
2024-02-26 22:30:00+00:00,5.995004108601732e-13
2024-02-26 23:00:00+00:00,2.407758422275972e-14
2024-02-26 23:30:00+00:00,4.975944570407282e-13
2024-02-27 00:00:00+00:00,-7.833810290433765e-13
2024-02-27 00:30:00+00:00,-3.6331666543849536e-13
2024-02-27 01:00:00+00:00,-2.6557676932035983e-13
2024-02-27 01:30:00+00:00,-3.7412050161280783e-13
2024-02-27 02:00:00+00:00,2.872009000606554e-12
2024-02-27 02:30:00+00:00,-4.01897065639278e-11
2024-02-27 03:00:00+00:00,1.00597285329517e-10
2024-02-27 03:30:00+00:00,-1.5187302440111747e-13
2024-02-27 04:00:00+00:00,1.8190960851580566e-12
2024-02-27 04:30:00+00:00,4.370424145187376e-12
2024-02-27 05:00:00+00:00,2.5308388567014e-12
2024-02-27 05:30:00+00:00,-5.402151003691146e-13
2024-02-27 06:00:00+00:00,-3.1653335992974677e-13
2024-02-27 06:30:00+00:00,-4.4013868516650787e-13
2024-02-27 07:00:00+00:00,-2.6018994138897273e-13
2024-02-27 07:30:00+00:00,8.125166814693811e-13
2024-02-27 08:00:00+00:00,2.789300967979914e-13
2024-02-27 08:30:00+00:00,-2.369058075795681e-13
2024-02-27 09:00:00+00:00,1.856402402194343e-13
2024-02-27 09:30:00+00:00,-1.793468212105844e-13
2024-02-27 10:00:00+00:00,-1.3562914357319757e-13
2024-02-27 10:30:00+00:00,-1.176306099944643e-13
2024-02-27 11:00:00+00:00,-1.0633025716154668e-13
2024-02-27 11:30:00+00:00,4.5767255333064735e-14
2024-02-27 12:00:00+00:00,-1.9110471755020493e-14
2024-02-27 12:30:00+00:00,5.138861976067353e-13
2024-02-27 13:00:00+00:00,-1.9837805391637544e-12
2024-02-27 13:30:00+00:00,-8.409236388602098e-12
2024-02-27 14:00:00+00:00,1.0841097143745689e-11
2024-02-27 14:30:00+00:00,-9.375940087701418e-14
2024-02-27 15:00:00+00:00,1.433546881666318e-12
2024-02-27 15:30:00+00:00,3.5956598946908644e-12
2024-02-27 16:00:00+00:00,3.090283234832452e-15
2024-02-27 16:30:00+00:00,-2.2264174117296794e-12
2024-02-27 17:00:00+00:00,9.775806191654851e-12
2024-02-27 17:30:00+00:00,-9.270753321612582e-14
2024-02-27 18:00:00+00:00,1.7420973403580458e-12
2024-02-27 18:30:00+00:00,1.714393999338448e-12
2024-02-27 19:00:00+00:00,-1.0155689519420406e-12
2024-02-27 19:30:00+00:00,-9.332895944105164e-14
2024-02-27 20:00:00+00:00,1.3008407747977685e-12
2024-02-27 20:30:00+00:00,4.175744527264342e-13
2024-02-27 21:00:00+00:00,-1.8886359162813655e-13
2024-02-27 21:30:00+00:00,9.149398230939647e-13
2024-02-27 22:00:00+00:00,-5.258696987385947e-13
2024-02-27 22:30:00+00:00,-2.1931646860604038e-13
2024-02-27 23:00:00+00:00,-5.574569796418576e-13
2024-02-27 23:30:00+00:00,-5.473386605433245e-13
2024-02-28 00:00:00+00:00,-6.477945502927108e-13
2024-02-28 00:30:00+00:00,-2.4743929015996874e-13
2024-02-28 01:00:00+00:00,-6.039942567578537e-13
2024-02-28 01:30:00+00:00,-2.473599015140591e-13
2024-02-28 02:00:00+00:00,-4.3033207591223156e-13
2024-02-28 02:30:00+00:00,-2.6348777129286886e-13
2024-02-28 03:00:00+00:00,-5.436528188898356e-13
2024-02-28 03:30:00+00:00,-1.5685090606250309e-13
2024-02-28 04:00:00+00:00,-2.7706355027681537e-13
2024-02-28 04:30:00+00:00,-2.081645971294762e-13
2024-02-28 05:00:00+00:00,-4.2997143365035253e-13
2024-02-28 05:30:00+00:00,-5.064252915200878e-13
2024-02-28 06:00:00+00:00,-3.9633711740265557e-13
2024-02-28 06:30:00+00:00,-1.2099974832289678e-13
2024-02-28 07:00:00+00:00,-3.587055952212069e-13
2024-02-28 07:30:00+00:00,-5.059328290888309e-13
2024-02-28 08:00:00+00:00,1.7534988528139072e-12
2024-02-28 08:30:00+00:00,-7.6913025079915e-12
2024-02-28 09:00:00+00:00,1.9001554860531e-12
2024-02-28 09:30:00+00:00,-8.014146916941461e-12
2024-02-28 10:00:00+00:00,-2.4210451227605463e-12
2024-02-28 10:30:00+00:00,6.0989461942968524e-12
2024-02-28 11:00:00+00:00,2.812649511249886e-13
2024-02-28 11:30:00+00:00,-1.169760194244845e-13
2024-02-28 12:00:00+00:00,6.432361851909093e-12
2024-02-28 12:30:00+00:00,1.6446015265896845e-11
2024-02-28 13:00:00+00:00,1.1971639556472117e-12
2024-02-28 13:30:00+00:00,6.941971528443686e-12
2024-02-28 14:00:00+00:00,4.56323764993138e-11
2024-02-28 14:30:00+00:00,-6.763287355576057e-13
2024-02-28 15:00:00+00:00,-3.552358537931559e-14
2024-02-28 15:30:00+00:00,-1.0629131231139347e-11
2024-02-28 16:00:00+00:00,1.6575579641666723e-11
2024-02-28 16:30:00+00:00,-7.893046402397304e-13
2024-02-28 17:00:00+00:00,-4.064622114630423e-12
2024-02-28 17:30:00+00:00,-2.5518819608344256e-10
2024-02-28 18:00:00+00:00,-1.5524622524885757e-08
2024-02-28 18:30:00+00:00,3.827144789076951e-08
2024-02-28 19:00:00+00:00,6.206431284839527e-10
2024-02-28 19:30:00+00:00,-5.287367373547419e-11
2024-02-28 20:00:00+00:00,-4.842734615670171e-11
2024-02-28 20:30:00+00:00,8.789511608099026e-12
2024-02-28 21:00:00+00:00,-2.858701072320414e-12
2024-02-28 21:30:00+00:00,-1.5151569390737117e-11
2024-02-28 22:00:00+00:00,-2.1793415166541032e-11
2024-02-28 22:30:00+00:00,-1.2438659421347516e-11
2024-02-28 23:00:00+00:00,-6.010534607059375e-12
2024-02-28 23:30:00+00:00,-3.272728216624146e-12
2024-02-29 00:00:00+00:00,-1.883177523138985e-12
2024-02-29 00:30:00+00:00,6.764035280066014e-12
2024-02-29 01:00:00+00:00,1.5869889823089607e-12
2024-02-29 01:30:00+00:00,4.304623697530246e-12
2024-02-29 02:00:00+00:00,-3.687049169068681e-12
2024-02-29 02:30:00+00:00,-2.2161614519691715e-12
2024-02-29 03:00:00+00:00,-5.014622372364815e-12
2024-02-29 03:30:00+00:00,-5.5949078782941535e-12
2024-02-29 04:00:00+00:00,-3.534794173155316e-12
2024-02-29 04:30:00+00:00,-9.184298979000442e-13
2024-02-29 05:00:00+00:00,2.103833208452483e-12
2024-02-29 05:30:00+00:00,-8.984363405183282e-14
2024-02-29 06:00:00+00:00,-1.1082751755215602e-12
2024-02-29 06:30:00+00:00,-5.334976615688499e-13
2024-02-29 07:00:00+00:00,-8.082594740286881e-14
2024-02-29 07:30:00+00:00,8.248021656303686e-13
2024-02-29 08:00:00+00:00,-1.7162064803980732e-13
2024-02-29 08:30:00+00:00,6.162913808461125e-12
2024-02-29 09:00:00+00:00,1.0673770579577786e-11
2024-02-29 09:30:00+00:00,-1.163346598945244e-12
2024-02-29 10:00:00+00:00,1.4082925186522512e-13
2024-02-29 10:30:00+00:00,2.0295632969682586e-12
2024-02-29 11:00:00+00:00,-1.8805231407557816e-12
2024-02-29 11:30:00+00:00,-1.497731769578803e-12
2024-02-29 12:00:00+00:00,5.548657489132834e-12
2024-02-29 12:30:00+00:00,-1.6593080500075657e-11
2024-02-29 13:00:00+00:00,3.538410858458765e-11
2024-02-29 13:30:00+00:00,3.0836374280957357e-12
2024-02-29 14:00:00+00:00,-2.778468621617359e-13
2024-02-29 14:30:00+00:00,-2.930071605546491e-14
2024-02-29 15:00:00+00:00,-2.177441912051898e-12
2024-02-29 15:30:00+00:00,5.915339169285125e-12
2024-02-29 16:00:00+00:00,-1.0174767231480245e-12
2024-02-29 16:30:00+00:00,2.860925751666979e-12
2024-02-29 17:00:00+00:00,-9.85831956050617e-12
2024-02-29 17:30:00+00:00,3.3263314602042604e-11
2024-02-29 18:00:00+00:00,2.6236751911672766e-12
2024-02-29 18:30:00+00:00,9.00860769390395e-11
2024-02-29 19:00:00+00:00,-2.0056701206554285e-12
2024-02-29 19:30:00+00:00,4.078895800898619e-12
2024-02-29 20:00:00+00:00,-1.1080865889537988e-12
2024-02-29 20:30:00+00:00,-2.461668505223435e-12
2024-02-29 21:00:00+00:00,4.35533701351974e-13
2024-02-29 21:30:00+00:00,2.9832153674468503e-12
2024-02-29 22:00:00+00:00,-1.0329455464538422e-12
2024-02-29 22:30:00+00:00,6.640937316080618e-12
2024-02-29 23:00:00+00:00,-5.3469206679920176e-12
2024-02-29 23:30:00+00:00,3.1173595064257796e-11
2024-03-01 00:00:00+00:00,-2.946539911807692e-12
2024-03-01 00:30:00+00:00,3.241772578883795e-12
2024-03-01 01:00:00+00:00,1.4883273729442042e-12
2024-03-01 01:30:00+00:00,5.050293990309789e-13
2024-03-01 02:00:00+00:00,-6.537185399013884e-13
2024-03-01 02:30:00+00:00,4.620011013543759e-13
2024-03-01 03:00:00+00:00,-2.915490896956948e-13
2024-03-01 03:30:00+00:00,-5.143627949831698e-13
2024-03-01 04:00:00+00:00,-1.2899827440031981e-12
2024-03-01 04:30:00+00:00,-2.1327759906534502e-12
2024-03-01 05:00:00+00:00,-1.364684194909787e-12
2024-03-01 05:30:00+00:00,-1.0566308429091972e-12
2024-03-01 06:00:00+00:00,-1.5528208311061226e-12
2024-03-01 06:30:00+00:00,-5.209674399728102e-13
2024-03-01 07:00:00+00:00,-8.984376578540319e-13
2024-03-01 07:30:00+00:00,-5.823046181222881e-13
2024-03-01 08:00:00+00:00,-6.851490215668319e-14
2024-03-01 08:30:00+00:00,-5.486147412728088e-13
2024-03-01 09:00:00+00:00,1.6520121380941287e-12
2024-03-01 09:30:00+00:00,1.1543551023106724e-12
2024-03-01 10:00:00+00:00,-7.933529121654067e-13
2024-03-01 10:30:00+00:00,-1.1103545166480896e-12
2024-03-01 11:00:00+00:00,-2.856736736699259e-13
2024-03-01 11:30:00+00:00,-9.710658587737358e-13
2024-03-01 12:00:00+00:00,6.635598374699431e-14
2024-03-01 12:30:00+00:00,-8.63903118726502e-13
2024-03-01 13:00:00+00:00,4.578370007351615e-13
2024-03-01 13:30:00+00:00,-4.698752850678834e-13
2024-03-01 14:00:00+00:00,-6.578483088175246e-13
2024-03-01 14:30:00+00:00,-1.2395788907474792e-13
2024-03-01 15:00:00+00:00,5.9875007723137044e-12
2024-03-01 15:30:00+00:00,2.0911081022042065e-11
2024-03-01 16:00:00+00:00,-6.571136018133332e-13
2024-03-01 16:30:00+00:00,-2.575053300386595e-13
2024-03-01 17:00:00+00:00,1.403934460211068e-13
2024-03-01 17:30:00+00:00,-2.7579779198431976e-13
2024-03-01 18:00:00+00:00,-4.388649724671177e-13
2024-03-01 18:30:00+00:00,-9.21699749955098e-13
2024-03-01 19:00:00+00:00,-6.021336827434049e-13
2024-03-01 19:30:00+00:00,-1.0523937697422577e-12
2024-03-01 20:00:00+00:00,-8.494022411384595e-13
2024-03-01 20:30:00+00:00,-1.0234093556118451e-12
2024-03-01 21:00:00+00:00,2.5737116353643312e-12
2024-03-01 21:30:00+00:00,-3.648924919615969e-12
2024-03-01 22:00:00+00:00,5.688741590996413e-12
2024-03-01 22:30:00+00:00,-6.863621828161663e-13
2024-03-01 23:00:00+00:00,-3.543896326334619e-13
2024-03-01 23:30:00+00:00,2.2124304176438284e-13
2024-03-02 00:00:00+00:00,-5.27199750227556e-13
2024-03-02 00:30:00+00:00,-3.19132986747566e-13
2024-03-02 01:00:00+00:00,-2.8122515938883436e-13
2024-03-02 01:30:00+00:00,6.607441189636306e-13
2024-03-02 02:00:00+00:00,-7.91931962383485e-14
2024-03-02 02:30:00+00:00,4.684984636382303e-14
2024-03-02 03:00:00+00:00,1.772546649288997e-13
2024-03-02 03:30:00+00:00,2.9915709687419357e-13
2024-03-02 04:00:00+00:00,-1.9596735406059182e-13
2024-03-02 04:30:00+00:00,-1.4085781553751446e-13
2024-03-02 05:00:00+00:00,-3.6922151674417444e-13
2024-03-02 05:30:00+00:00,2.6893768361370436e-12
2024-03-02 06:00:00+00:00,1.4551420080806847e-12
2024-03-02 06:30:00+00:00,1.187833577739979e-12
2024-03-02 07:00:00+00:00,8.741828675293066e-13
2024-03-02 07:30:00+00:00,-8.559720555550053e-14
2024-03-02 08:00:00+00:00,-4.0427365574611e-13
2024-03-02 08:30:00+00:00,-3.320152293464302e-13
2024-03-02 09:00:00+00:00,-1.8208863093887692e-13
2024-03-02 09:30:00+00:00,-5.032608468878661e-13
2024-03-02 10:00:00+00:00,1.8695526311174996e-12
2024-03-02 10:30:00+00:00,1.5767762384156024e-12
2024-03-02 11:00:00+00:00,-9.034232776377003e-13
2024-03-02 11:30:00+00:00,-7.82000532692373e-13
2024-03-02 12:00:00+00:00,-7.115660996536716e-13
2024-03-02 12:30:00+00:00,-9.270202641588889e-13
2024-03-02 13:00:00+00:00,-4.1279313655534444e-13
2024-03-02 13:30:00+00:00,-5.378276218442565e-13
2024-03-02 14:00:00+00:00,-3.977111635823479e-13
2024-03-02 14:30:00+00:00,1.7815581580722198e-12
2024-03-02 15:00:00+00:00,1.5162082407082685e-12
2024-03-02 15:30:00+00:00,-3.4186116178752823e-13
2024-03-02 16:00:00+00:00,-4.559758886944907e-13
2024-03-02 16:30:00+00:00,-5.244927822123156e-13
2024-03-02 17:00:00+00:00,-4.869457664998257e-13
2024-03-02 17:30:00+00:00,-2.720788821728006e-13
2024-03-02 18:00:00+00:00,-7.167703733958336e-13
2024-03-02 18:30:00+00:00,-5.559633903812611e-13
2024-03-02 19:00:00+00:00,-8.034433045026943e-13
2024-03-02 19:30:00+00:00,-5.711935231289004e-13
2024-03-02 20:00:00+00:00,-8.602439915225539e-13
2024-03-02 20:30:00+00:00,1.3375598469290093e-12
2024-03-02 21:00:00+00:00,3.037062851716728e-13
2024-03-02 21:30:00+00:00,-8.525500060421737e-13
2024-03-02 22:00:00+00:00,-8.823590691008491e-13
2024-03-02 22:30:00+00:00,-7.699786957646647e-13
2024-03-02 23:00:00+00:00,-8.979257638575803e-13
2024-03-02 23:30:00+00:00,-3.851137652934095e-13
2024-03-03 00:00:00+00:00,-6.81086714317171e-13
2024-03-03 00:30:00+00:00,2.6096009491514784e-13
2024-03-03 01:00:00+00:00,-1.6112092360736006e-13
2024-03-03 01:30:00+00:00,-3.6466972545909447e-13
2024-03-03 02:00:00+00:00,-5.29118189629724e-13
2024-03-03 02:30:00+00:00,-4.0496711869778255e-13
2024-03-03 03:00:00+00:00,-5.825714744606826e-13
2024-03-03 03:30:00+00:00,-6.360646124363207e-13
2024-03-03 04:00:00+00:00,-5.630104983652293e-13
2024-03-03 04:30:00+00:00,-6.753099150555482e-13
2024-03-03 05:00:00+00:00,-2.3025543030815123e-13
2024-03-03 05:30:00+00:00,-5.144254176877023e-13
2024-03-03 06:00:00+00:00,1.76028638167837e-13
2024-03-03 06:30:00+00:00,-1.1795424920222355e-13
2024-03-03 07:00:00+00:00,-2.395894122887623e-13
2024-03-03 07:30:00+00:00,3.457225514629188e-12
2024-03-03 08:00:00+00:00,-4.681242829140611e-11
2024-03-03 08:30:00+00:00,4.6101108047421173e-11
2024-03-03 09:00:00+00:00,2.243077354840735e-12
2024-03-03 09:30:00+00:00,-4.635179196314156e-13
2024-03-03 10:00:00+00:00,-4.880706832588864e-13
2024-03-03 10:30:00+00:00,-9.162121688859105e-13
2024-03-03 11:00:00+00:00,-1.1787871253832349e-12
2024-03-03 11:30:00+00:00,-8.458975335427808e-13
2024-03-03 12:00:00+00:00,-9.732674728701094e-13
2024-03-03 12:30:00+00:00,1.9492631417374636e-12
2024-03-03 13:00:00+00:00,-8.207286823320535e-13
2024-03-03 13:30:00+00:00,7.172991931556227e-13
2024-03-03 14:00:00+00:00,5.105230282972781e-13
2024-03-03 14:30:00+00:00,-7.743927232791315e-13
2024-03-03 15:00:00+00:00,1.0276015839116785e-12
2024-03-03 15:30:00+00:00,3.376572052500566e-13
2024-03-03 16:00:00+00:00,-8.038716918761545e-13
2024-03-03 16:30:00+00:00,-2.4659197951887975e-13
2024-03-03 17:00:00+00:00,3.1053043095979394e-13
2024-03-03 17:30:00+00:00,6.387412944033248e-13
2024-03-03 18:00:00+00:00,-6.653301112442923e-14
2024-03-03 18:30:00+00:00,-7.665162104119509e-13
2024-03-03 19:00:00+00:00,-3.796667719653086e-13
2024-03-03 19:30:00+00:00,-1.4836379625743291e-13
2024-03-03 20:00:00+00:00,-4.920561424155083e-13
2024-03-03 20:30:00+00:00,-7.223408805893234e-13
2024-03-03 21:00:00+00:00,-5.500416183332504e-13
2024-03-03 21:30:00+00:00,-3.2258317645948016e-13
2024-03-03 22:00:00+00:00,-3.565226995660252e-13
2024-03-03 22:30:00+00:00,1.9834269759480593e-12
2024-03-03 23:00:00+00:00,5.148034278859731e-14
2024-03-03 23:30:00+00:00,1.4740412538719078e-12
2024-03-04 00:00:00+00:00,-4.763249092812769e-13
2024-03-04 00:30:00+00:00,7.401808809307958e-13
2024-03-04 01:00:00+00:00,-1.3131202245770243e-11
2024-03-04 01:30:00+00:00,9.218556279625437e-10
2024-03-04 02:00:00+00:00,-1.6307556121394204e-12
2024-03-04 02:30:00+00:00,1.8177376559496492e-13
2024-03-04 03:00:00+00:00,-8.403539138429376e-13
2024-03-04 03:30:00+00:00,-3.839564782716099e-13
2024-03-04 04:00:00+00:00,-1.4479930298489785e-12
2024-03-04 04:30:00+00:00,-1.734619250684464e-12
2024-03-04 05:00:00+00:00,-1.6058656085870128e-12
2024-03-04 05:30:00+00:00,-1.3853283854729765e-12
2024-03-04 06:00:00+00:00,-5.331242309917917e-13
2024-03-04 06:30:00+00:00,-1.271694457334671e-12
2024-03-04 07:00:00+00:00,-9.67436284377362e-13
2024-03-04 07:30:00+00:00,-8.279962302753422e-13
2024-03-04 08:00:00+00:00,1.1724536968614048e-12
2024-03-04 08:30:00+00:00,-2.009732431164503e-12
2024-03-04 09:00:00+00:00,2.6614366356271323e-13
2024-03-04 09:30:00+00:00,-3.307852064276253e-12
2024-03-04 10:00:00+00:00,3.3291520254622176e-12
2024-03-04 10:30:00+00:00,1.3330729591587152e-12
2024-03-04 11:00:00+00:00,5.52426418382622e-13
2024-03-04 11:30:00+00:00,1.0781064833713252e-12
2024-03-04 12:00:00+00:00,-1.029687192587743e-12
2024-03-04 12:30:00+00:00,-7.885814731019677e-13
2024-03-04 13:00:00+00:00,-3.2929118678648087e-13
2024-03-04 13:30:00+00:00,-1.485247168117426e-13
2024-03-04 14:00:00+00:00,9.733124419250825e-13
2024-03-04 14:30:00+00:00,-3.738004489860965e-12
2024-03-04 15:00:00+00:00,-1.1612375084386102e-11
2024-03-04 15:30:00+00:00,-4.387133577341302e-12
2024-03-04 16:00:00+00:00,5.304371842940578e-12
2024-03-04 16:30:00+00:00,1.0566534790403222e-12
2024-03-04 17:00:00+00:00,1.0853012405726578e-12
2024-03-04 17:30:00+00:00,-7.348585080992438e-13
2024-03-04 18:00:00+00:00,-6.463407982751981e-12
2024-03-04 18:30:00+00:00,-3.557527967462865e-12
2024-03-04 19:00:00+00:00,7.460861597955008e-12
2024-03-04 19:30:00+00:00,-2.1640189704972085e-13
2024-03-04 20:00:00+00:00,-4.661645078002822e-13
2024-03-04 20:30:00+00:00,-1.5563753333590375e-13
2024-03-04 21:00:00+00:00,1.9093313512646306e-13
2024-03-04 21:30:00+00:00,3.3759596588674217e-13
2024-03-04 22:00:00+00:00,1.4077764853270602e-12
2024-03-04 22:30:00+00:00,3.657416027640936e-14
2024-03-04 23:00:00+00:00,-6.115961869840907e-13
2024-03-04 23:30:00+00:00,1.1267703645255697e-12
2024-03-05 00:00:00+00:00,-3.3766013775198227e-12
2024-03-05 00:30:00+00:00,1.8579693105508216e-12
2024-03-05 01:00:00+00:00,-2.682910924602993e-13
2024-03-05 01:30:00+00:00,4.452137889125014e-14
2024-03-05 02:00:00+00:00,8.715255612416232e-13
2024-03-05 02:30:00+00:00,1.7384869437960243e-12
2024-03-05 03:00:00+00:00,4.55039615715335e-12
2024-03-05 03:30:00+00:00,7.368677474142126e-14
2024-03-05 04:00:00+00:00,2.342502771336598e-13
2024-03-05 04:30:00+00:00,3.5088757087173073e-12
2024-03-05 05:00:00+00:00,-6.7966751725617245e-12
2024-03-05 05:30:00+00:00,-8.495254758562242e-11
2024-03-05 06:00:00+00:00,3.064933892846288e-10
2024-03-05 06:30:00+00:00,7.077472143013931e-13
2024-03-05 07:00:00+00:00,-8.198415652115403e-13
2024-03-05 07:30:00+00:00,-1.6872313592327186e-13
2024-03-05 08:00:00+00:00,3.241104555447326e-14
2024-03-05 08:30:00+00:00,-7.796309929826886e-12
2024-03-05 09:00:00+00:00,3.562976033328082e-11
2024-03-05 09:30:00+00:00,-2.6250418577114427e-12
2024-03-05 10:00:00+00:00,-2.997201084225237e-13
2024-03-05 10:30:00+00:00,-1.3763199762446224e-12
2024-03-05 11:00:00+00:00,-6.470447665093875e-13
2024-03-05 11:30:00+00:00,-5.077696333172917e-13
2024-03-05 12:00:00+00:00,-4.624049559589708e-13
2024-03-05 12:30:00+00:00,-4.577779091506969e-13
2024-03-05 13:00:00+00:00,-2.730428122274305e-13
2024-03-05 13:30:00+00:00,1.924622062324678e-12
2024-03-05 14:00:00+00:00,-3.621107704816157e-13
2024-03-05 14:30:00+00:00,-9.158533323218244e-13
2024-03-05 15:00:00+00:00,-7.42955378241569e-14
2024-03-05 15:30:00+00:00,-3.9497218286674075e-11
2024-03-05 16:00:00+00:00,2.382100428648506e-10
2024-03-05 16:30:00+00:00,-2.394556705672418e-10
2024-03-05 17:00:00+00:00,6.424228145020438e-11
2024-03-05 17:30:00+00:00,-1.2855162433736049e-10
2024-03-05 18:00:00+00:00,1.1912000712177247e-10
2024-03-05 18:30:00+00:00,1.9969233950199724e-11
2024-03-05 19:00:00+00:00,2.4267124807268506e-11
2024-03-05 19:30:00+00:00,-7.924919076614582e-11
2024-03-05 20:00:00+00:00,-2.214043356739688e-09
2024-03-05 20:30:00+00:00,1.491414820378265e-08
2024-03-05 21:00:00+00:00,-1.9426589450114248e-10
2024-03-05 21:30:00+00:00,4.276869282538536e-10
2024-03-05 22:00:00+00:00,-2.020843386277483e-12
2024-03-05 22:30:00+00:00,-4.879703775657072e-12
2024-03-05 23:00:00+00:00,1.1321469589960248e-11
2024-03-05 23:30:00+00:00,8.541625800067259e-12
2024-03-06 00:00:00+00:00,-5.534493241297737e-12
2024-03-06 00:30:00+00:00,-3.5983440750639002e-12
2024-03-06 01:00:00+00:00,-9.117771885159895e-12
2024-03-06 01:30:00+00:00,1.1332910167813763e-12
2024-03-06 02:00:00+00:00,-4.265917655537937e-12
2024-03-06 02:30:00+00:00,-4.871826577568561e-12
2024-03-06 03:00:00+00:00,5.639916032397242e-13
2024-03-06 03:30:00+00:00,-6.861766420652129e-13
2024-03-06 04:00:00+00:00,-3.689625156993985e-12
2024-03-06 04:30:00+00:00,-6.4490261216335504e-12
2024-03-06 05:00:00+00:00,5.311120956985111e-13
2024-03-06 05:30:00+00:00,8.025621793462349e-12
2024-03-06 06:00:00+00:00,-1.2596494367651557e-11
2024-03-06 06:30:00+00:00,1.2109326867354952e-11
2024-03-06 07:00:00+00:00,-1.099530960679268e-13
2024-03-06 07:30:00+00:00,-7.568732963837038e-14
2024-03-06 08:00:00+00:00,-1.5817539307839866e-12
2024-03-06 08:30:00+00:00,9.418044426686949e-12
2024-03-06 09:00:00+00:00,-9.409468099616925e-12
2024-03-06 09:30:00+00:00,1.3782506451597585e-11
2024-03-06 10:00:00+00:00,2.830941400233351e-12
2024-03-06 10:30:00+00:00,-2.4900355239106706e-12
2024-03-06 11:00:00+00:00,1.6661918943172364e-10
2024-03-06 11:30:00+00:00,7.325259183196972e-12
2024-03-06 12:00:00+00:00,2.5121288701544203e-12
2024-03-06 12:30:00+00:00,4.951200875910303e-12
2024-03-06 13:00:00+00:00,-2.1377928651232447e-11
2024-03-06 13:30:00+00:00,1.288220314230366e-10
2024-03-06 14:00:00+00:00,5.426558831963288e-11
2024-03-06 14:30:00+00:00,-2.162616898179092e-13
2024-03-06 15:00:00+00:00,2.153599895014816e-12
2024-03-06 15:30:00+00:00,-4.075476910876616e-11
2024-03-06 16:00:00+00:00,5.817041059320253e-11
2024-03-06 16:30:00+00:00,-4.0024513656974806e-13
2024-03-06 17:00:00+00:00,-5.716702312420186e-13
2024-03-06 17:30:00+00:00,-9.286364165194874e-13
2024-03-06 18:00:00+00:00,2.1679745156108186e-13
2024-03-06 18:30:00+00:00,-1.5595998450748813e-12
2024-03-06 19:00:00+00:00,1.560689234281938e-12
2024-03-06 19:30:00+00:00,3.5894926651193197e-13
2024-03-06 20:00:00+00:00,-1.8932234270529038e-12
2024-03-06 20:30:00+00:00,-4.002823475220729e-12
2024-03-06 21:00:00+00:00,-2.575490125374064e-12
2024-03-06 21:30:00+00:00,-6.764912950569202e-13
2024-03-06 22:00:00+00:00,-2.4361972928427944e-12
2024-03-06 22:30:00+00:00,-1.4048236992802422e-12
2024-03-06 23:00:00+00:00,-7.305491823358414e-13
2024-03-06 23:30:00+00:00,5.658279046973806e-13
2024-03-07 00:00:00+00:00,-1.7258989362990201e-12
2024-03-07 00:30:00+00:00,2.0207660799156886e-12
2024-03-07 01:00:00+00:00,-2.481767892579212e-13
2024-03-07 01:30:00+00:00,2.0148775557046044e-12
2024-03-07 02:00:00+00:00,4.321399853417953e-12
2024-03-07 02:30:00+00:00,-1.061646298436462e-12
2024-03-07 03:00:00+00:00,-2.102129590600558e-12
2024-03-07 03:30:00+00:00,-1.249091170077635e-12
2024-03-07 04:00:00+00:00,8.366306020001783e-13
2024-03-07 04:30:00+00:00,-1.3837100869205125e-13
2024-03-07 05:00:00+00:00,-8.801615950428043e-13
2024-03-07 05:30:00+00:00,1.3672698168335246e-13
2024-03-07 06:00:00+00:00,-4.39821851789151e-13
2024-03-07 06:30:00+00:00,9.404142603450589e-13
2024-03-07 07:00:00+00:00,1.7754325891816098e-12
2024-03-07 07:30:00+00:00,4.708471607971269e-14
2024-03-07 08:00:00+00:00,-8.446418923855323e-13
2024-03-07 08:30:00+00:00,1.4766742296679117e-12
2024-03-07 09:00:00+00:00,6.215866959829414e-13
2024-03-07 09:30:00+00:00,-6.704272454222213e-13
2024-03-07 10:00:00+00:00,-1.0070197088120792e-12
2024-03-07 10:30:00+00:00,-1.598745065191707e-12
2024-03-07 11:00:00+00:00,-1.2496415332358662e-12
2024-03-07 11:30:00+00:00,6.017466210462225e-12
2024-03-07 12:00:00+00:00,6.301037331568779e-12
2024-03-07 12:30:00+00:00,-1.4414496184278896e-12
2024-03-07 13:00:00+00:00,-3.8111486750690744e-13
2024-03-07 13:30:00+00:00,3.686190275822767e-13
2024-03-07 14:00:00+00:00,-4.2557079876290205e-13
2024-03-07 14:30:00+00:00,7.122901984060784e-13
2024-03-07 15:00:00+00:00,1.1310885012120676e-11
2024-03-07 15:30:00+00:00,3.2397478311178007e-10
2024-03-07 16:00:00+00:00,-1.6939880970457623e-12
2024-03-07 16:30:00+00:00,-1.1341495510396438e-12
2024-03-07 17:00:00+00:00,-9.37375813491941e-13
2024-03-07 17:30:00+00:00,8.22024122757301e-13
2024-03-07 18:00:00+00:00,-1.0784262407638547e-13
2024-03-07 18:30:00+00:00,-8.491537650070005e-13
2024-03-07 19:00:00+00:00,-2.454898175535815e-12
2024-03-07 19:30:00+00:00,-1.2068111193897642e-12
2024-03-07 20:00:00+00:00,-5.648310248627734e-13
2024-03-07 20:30:00+00:00,-9.10996446723824e-13
2024-03-07 21:00:00+00:00,-1.1293115977822513e-12
2024-03-07 21:30:00+00:00,6.010775516243205e-13
2024-03-07 22:00:00+00:00,8.899045413051971e-13
2024-03-07 22:30:00+00:00,-1.5283694720139127e-12
2024-03-07 23:00:00+00:00,1.6812185341300372e-12
2024-03-07 23:30:00+00:00,-2.6087749463138704e-12
2024-03-08 00:00:00+00:00,1.3157758839751994e-12
2024-03-08 00:30:00+00:00,-2.287366741889452e-12
2024-03-08 01:00:00+00:00,-1.0021253292905222e-12
2024-03-08 01:30:00+00:00,1.0847213466002419e-12
2024-03-08 02:00:00+00:00,1.0447548833817326e-12
2024-03-08 02:30:00+00:00,-7.276743550115053e-13
2024-03-08 03:00:00+00:00,-1.0475144539114516e-12
2024-03-08 03:30:00+00:00,2.650652111746879e-13
2024-03-08 04:00:00+00:00,-1.6100855496629113e-13
2024-03-08 04:30:00+00:00,-9.30109355041995e-13
2024-03-08 05:00:00+00:00,-1.4792671565454547e-12
2024-03-08 05:30:00+00:00,-5.472789419149377e-13
2024-03-08 06:00:00+00:00,-9.407911503250286e-13
2024-03-08 06:30:00+00:00,-1.253234147023688e-12
2024-03-08 07:00:00+00:00,-8.628554272859863e-13
2024-03-08 07:30:00+00:00,-8.868798344959991e-13
2024-03-08 08:00:00+00:00,8.915523081166487e-13
2024-03-08 08:30:00+00:00,2.3667926063209618e-12
2024-03-08 09:00:00+00:00,-8.407442651214808e-13
2024-03-08 09:30:00+00:00,-2.1301292230424331e-13
2024-03-08 10:00:00+00:00,-7.012622727440976e-13
2024-03-08 10:30:00+00:00,-1.2527967123503261e-12
2024-03-08 11:00:00+00:00,-1.2239304290435838e-12
2024-03-08 11:30:00+00:00,-5.405168633676554e-13
2024-03-08 12:00:00+00:00,2.834317032905878e-14
2024-03-08 12:30:00+00:00,-9.075923873563056e-13
2024-03-08 13:00:00+00:00,-2.0323249603592994e-13
2024-03-08 13:30:00+00:00,-1.9798582076729094e-12
2024-03-08 14:00:00+00:00,2.3396846165060805e-11
2024-03-08 14:30:00+00:00,-1.1374795689532393e-12
2024-03-08 15:00:00+00:00,1.1009025915820436e-12
2024-03-08 15:30:00+00:00,-1.1896700213967527e-11
2024-03-08 16:00:00+00:00,-5.136552621544705e-10
2024-03-08 16:30:00+00:00,-4.4695863705555705e-11
2024-03-08 17:00:00+00:00,6.764250142290969e-10
2024-03-08 17:30:00+00:00,-4.363172076218766e-12
2024-03-08 18:00:00+00:00,-4.342790920194639e-12
2024-03-08 18:30:00+00:00,-1.516350375317703e-12
2024-03-08 19:00:00+00:00,-3.5145029607778565e-12
2024-03-08 19:30:00+00:00,3.5662140294640477e-12
2024-03-08 20:00:00+00:00,-9.919168264773836e-13
2024-03-08 20:30:00+00:00,1.5619270936642086e-12
2024-03-08 21:00:00+00:00,1.7398508970297194e-13
2024-03-08 21:30:00+00:00,-1.3350820837622745e-12
2024-03-08 22:00:00+00:00,-1.202073146497944e-13
2024-03-08 22:30:00+00:00,-5.062548153160142e-13
2024-03-08 23:00:00+00:00,7.425581823223904e-13
2024-03-08 23:30:00+00:00,-3.5519995643981383e-13
2024-03-09 00:00:00+00:00,-2.6752207966930446e-12
2024-03-09 00:30:00+00:00,-1.5868880784732654e-12
2024-03-09 01:00:00+00:00,-1.366619723497663e-12
2024-03-09 01:30:00+00:00,-2.2056767354244993e-12
2024-03-09 02:00:00+00:00,-2.089267243951419e-12
2024-03-09 02:30:00+00:00,-1.4542691326625681e-12
2024-03-09 03:00:00+00:00,-1.7090969189984677e-12
2024-03-09 03:30:00+00:00,-2.158974723618216e-12
2024-03-09 04:00:00+00:00,4.382958947154144e-13
2024-03-09 04:30:00+00:00,4.782380042230675e-13
2024-03-09 05:00:00+00:00,-2.123011914559543e-12
2024-03-09 05:30:00+00:00,-1.4575907827822094e-12
2024-03-09 06:00:00+00:00,-1.4348183395750524e-12
2024-03-09 06:30:00+00:00,-2.0469655991282033e-12
2024-03-09 07:00:00+00:00,-1.0911960031721344e-12
2024-03-09 07:30:00+00:00,-1.4083524211243215e-12
2024-03-09 08:00:00+00:00,-1.4066355083466952e-12
2024-03-09 08:30:00+00:00,-1.5823707711916696e-12
2024-03-09 09:00:00+00:00,-9.328856656339099e-13
2024-03-09 09:30:00+00:00,-1.4038741802877928e-12
2024-03-09 10:00:00+00:00,2.6944232136911316e-13
2024-03-09 10:30:00+00:00,-3.919893601825553e-12
2024-03-09 11:00:00+00:00,1.8518611037097335e-11
2024-03-09 11:30:00+00:00,-1.1352263192053394e-12
2024-03-09 12:00:00+00:00,-1.2558419351994283e-12
2024-03-09 12:30:00+00:00,-5.504904700598598e-13
2024-03-09 13:00:00+00:00,-1.2786691180010141e-12
2024-03-09 13:30:00+00:00,-1.3529524431099191e-12
2024-03-09 14:00:00+00:00,-1.4428354969438732e-12
2024-03-09 14:30:00+00:00,-5.588387537308769e-13
2024-03-09 15:00:00+00:00,-7.639760747231451e-13
2024-03-09 15:30:00+00:00,-1.119199013852764e-12
2024-03-09 16:00:00+00:00,-1.1375985233399389e-12
2024-03-09 16:30:00+00:00,1.244221607394709e-14
2024-03-09 17:00:00+00:00,-1.6456576402856293e-13
2024-03-09 17:30:00+00:00,-2.920644548467748e-13
2024-03-09 18:00:00+00:00,-4.0464654196266426e-13
2024-03-09 18:30:00+00:00,-1.1530767662532225e-12
2024-03-09 19:00:00+00:00,-9.653362597341325e-13
2024-03-09 19:30:00+00:00,-1.3224623298328844e-12
2024-03-09 20:00:00+00:00,-5.880768600213751e-13
2024-03-09 20:30:00+00:00,-8.823019226450351e-13
2024-03-09 21:00:00+00:00,-8.269716393328703e-13
2024-03-09 21:30:00+00:00,-3.1429864962483766e-13
2024-03-09 22:00:00+00:00,-1.1373974735976447e-12
2024-03-09 22:30:00+00:00,-1.0462500319709555e-12
2024-03-09 23:00:00+00:00,-1.1942887953748883e-12
2024-03-09 23:30:00+00:00,-5.64296438303394e-13
2024-03-10 00:00:00+00:00,-9.122869697076344e-13
2024-03-10 00:30:00+00:00,-7.964060693537698e-13
2024-03-10 01:00:00+00:00,1.2663307840434592e-12
2024-03-10 01:30:00+00:00,-1.5902078982769262e-13
2024-03-10 02:00:00+00:00,2.3878377588913458e-12
2024-03-10 02:30:00+00:00,-4.620634994699294e-13
2024-03-10 03:00:00+00:00,-8.038444652788375e-13
2024-03-10 03:30:00+00:00,-7.366182800549481e-13
2024-03-10 04:00:00+00:00,-8.568458026703785e-13
2024-03-10 04:30:00+00:00,1.3307524410351817e-12
2024-03-10 05:00:00+00:00,2.1933059578503452e-13
2024-03-10 05:30:00+00:00,-1.066905285323231e-12
2024-03-10 06:00:00+00:00,-1.6749304452334497e-13
2024-03-10 06:30:00+00:00,-1.0698001004747504e-12
2024-03-10 07:00:00+00:00,-1.0440577236304722e-12
2024-03-10 07:30:00+00:00,-9.741366151003715e-13
2024-03-10 08:00:00+00:00,-3.4959381274556693e-13
2024-03-10 08:30:00+00:00,-7.682566772350462e-12
2024-03-10 09:00:00+00:00,-1.6496889923677592e-11
2024-03-10 09:30:00+00:00,-8.630828186729682e-13
2024-03-10 10:00:00+00:00,-4.687041638856901e-11
2024-03-10 10:30:00+00:00,7.16353833614414e-11
2024-03-10 11:00:00+00:00,-1.8234050399898205e-11
2024-03-10 11:30:00+00:00,8.73516628642092e-12
2024-03-10 12:00:00+00:00,-4.695649815095937e-12
2024-03-10 12:30:00+00:00,-4.22962811417056e-12
2024-03-10 13:00:00+00:00,-6.186041057438586e-12
2024-03-10 13:30:00+00:00,3.203720759815889e-12
2024-03-10 14:00:00+00:00,-4.786959912570354e-12
2024-03-10 14:30:00+00:00,-2.679864481231715e-12
2024-03-10 15:00:00+00:00,-1.2928325607181065e-11
2024-03-10 15:30:00+00:00,2.0803396886765486e-11
2024-03-10 16:00:00+00:00,-7.421306413059628e-13
2024-03-10 16:30:00+00:00,-8.953766239970689e-13
2024-03-10 17:00:00+00:00,-1.8317087649253022e-12
2024-03-10 17:30:00+00:00,-2.809798128192847e-12
2024-03-10 18:00:00+00:00,-9.591596005361216e-13
2024-03-10 18:30:00+00:00,-1.2741978201513883e-12
2024-03-10 19:00:00+00:00,-9.69029534809031e-13
2024-03-10 19:30:00+00:00,-1.0147056711926881e-12
2024-03-10 20:00:00+00:00,-1.0995723347148133e-12
2024-03-10 20:30:00+00:00,-9.169089433037675e-13
2024-03-10 21:00:00+00:00,-8.998544638507138e-13
2024-03-10 21:30:00+00:00,-8.144539352439465e-13
2024-03-10 22:00:00+00:00,-4.365742496280006e-13
2024-03-10 22:30:00+00:00,-6.838659511815639e-12
2024-03-10 23:00:00+00:00,-2.2841158574929825e-11
2024-03-10 23:30:00+00:00,4.650393958621353e-11
2024-03-11 00:00:00+00:00,-1.1864299980374767e-12
2024-03-11 00:30:00+00:00,1.5182283607526568e-13
2024-03-11 01:00:00+00:00,-6.186488184291028e-12
2024-03-11 01:30:00+00:00,2.2827646629872664e-10
2024-03-11 02:00:00+00:00,-1.1428003193690855e-11
2024-03-11 02:30:00+00:00,4.880288252961974e-12
2024-03-11 03:00:00+00:00,-1.1305738731602254e-12
2024-03-11 03:30:00+00:00,-1.3325917750623658e-12
2024-03-11 04:00:00+00:00,-2.939230640840013e-12
2024-03-11 04:30:00+00:00,1.094647091180532e-13
2024-03-11 05:00:00+00:00,-2.9956529868161165e-13
2024-03-11 05:30:00+00:00,-1.6058875363773082e-13
2024-03-11 06:00:00+00:00,-1.3601758050846683e-12
2024-03-11 06:30:00+00:00,-2.722420724244026e-13
2024-03-11 07:00:00+00:00,-4.961804530324677e-13
2024-03-11 07:30:00+00:00,-2.1605656778025266e-12
2024-03-11 08:00:00+00:00,-9.542919298694322e-11
2024-03-11 08:30:00+00:00,1.0085967499598914e-10
2024-03-11 09:00:00+00:00,4.140052167252097e-13
2024-03-11 09:30:00+00:00,-1.7518691687133058e-12
2024-03-11 10:00:00+00:00,-2.1807438773594237e-12
2024-03-11 10:30:00+00:00,-1.0291176898169996e-12
2024-03-11 11:00:00+00:00,-1.4119420451756102e-12
2024-03-11 11:30:00+00:00,-1.4803132204587324e-12
2024-03-11 12:00:00+00:00,6.643025464253341e-12
2024-03-11 12:30:00+00:00,3.5444418337464665e-12
2024-03-11 13:00:00+00:00,8.081313493816573e-13
2024-03-11 13:30:00+00:00,-4.689026761530834e-13
2024-03-11 14:00:00+00:00,1.5919733998845345e-12
2024-03-11 14:30:00+00:00,2.1656613055462903e-13
2024-03-11 15:00:00+00:00,4.819211099174511e-13
2024-03-11 15:30:00+00:00,-7.549877409498417e-14
2024-03-11 16:00:00+00:00,1.7595962412607962e-13
2024-03-11 16:30:00+00:00,5.24454355279954e-13
2024-03-11 17:00:00+00:00,5.667396227343111e-12
2024-03-11 17:30:00+00:00,-1.2083208201338735e-12
2024-03-11 18:00:00+00:00,2.146967702251145e-14
2024-03-11 18:30:00+00:00,1.3173989655270202e-13
2024-03-11 19:00:00+00:00,4.382988604934545e-13
2024-03-11 19:30:00+00:00,-5.646702194133695e-13
2024-03-11 20:00:00+00:00,-4.62103712696685e-13
2024-03-11 20:30:00+00:00,-1.2265671951462355e-12
2024-03-11 21:00:00+00:00,-1.5897226624016971e-12
2024-03-11 21:30:00+00:00,-9.53012846310972e-13
2024-03-11 22:00:00+00:00,-6.149880555151249e-13
2024-03-11 22:30:00+00:00,2.034692923189428e-13
2024-03-11 23:00:00+00:00,-5.056635622433633e-13
2024-03-11 23:30:00+00:00,-1.1452190320875913e-12
2024-03-12 00:00:00+00:00,-2.5717632147794065e-13
2024-03-12 00:30:00+00:00,-5.620847349782631e-13
2024-03-12 01:00:00+00:00,-3.2135408470836204e-13
2024-03-12 01:30:00+00:00,-9.354772524078869e-14
2024-03-12 02:00:00+00:00,-5.794122258156521e-13
2024-03-12 02:30:00+00:00,-7.408179361249014e-13
2024-03-12 03:00:00+00:00,-3.7704583436026626e-13
2024-03-12 03:30:00+00:00,-1.5472909558827459e-12
2024-03-12 04:00:00+00:00,6.4196706941923426e-12
2024-03-12 04:30:00+00:00,-8.43525240018665e-12
2024-03-12 05:00:00+00:00,2.0496394203200633e-11
2024-03-12 05:30:00+00:00,-2.611311245711498e-12
2024-03-12 06:00:00+00:00,-7.615691116977481e-13
2024-03-12 06:30:00+00:00,2.6212125686319783e-13
2024-03-12 07:00:00+00:00,-6.508275546919538e-13
2024-03-12 07:30:00+00:00,6.427174746409063e-13
2024-03-12 08:00:00+00:00,-7.619440530523504e-13
2024-03-12 08:30:00+00:00,-5.468537860746991e-13
2024-03-12 09:00:00+00:00,2.1893035075921243e-11
2024-03-12 09:30:00+00:00,-4.19173267948797e-13
2024-03-12 10:00:00+00:00,-1.1421184377941244e-12
2024-03-12 10:30:00+00:00,-5.345329425973084e-13
2024-03-12 11:00:00+00:00,-8.129263355637506e-13
2024-03-12 11:30:00+00:00,2.2863594436806556e-12
2024-03-12 12:00:00+00:00,4.1332439230043756e-12
2024-03-12 12:30:00+00:00,6.237753308190459e-12
2024-03-12 13:00:00+00:00,-1.424953799358094e-11
2024-03-12 13:30:00+00:00,2.943212369740353e-11
2024-03-12 14:00:00+00:00,3.970396530107999e-12
2024-03-12 14:30:00+00:00,-4.725596016870581e-11
2024-03-12 15:00:00+00:00,4.846631485528087e-11
2024-03-12 15:30:00+00:00,2.4193897332977882e-11
2024-03-12 16:00:00+00:00,5.373204147992394e-12
2024-03-12 16:30:00+00:00,8.187634126542469e-12
2024-03-12 17:00:00+00:00,-3.760081406707138e-11
2024-03-12 17:30:00+00:00,-2.716790476707737e-10
2024-03-12 18:00:00+00:00,4.306537203217335e-10
2024-03-12 18:30:00+00:00,1.123506866998103e-11
2024-03-12 19:00:00+00:00,5.257807730209603e-12
2024-03-12 19:30:00+00:00,-2.378403493078432e-12
2024-03-12 20:00:00+00:00,-5.718496637651326e-12
2024-03-12 20:30:00+00:00,1.5957949418713523e-12
2024-03-12 21:00:00+00:00,3.3369181610093905e-13
2024-03-12 21:30:00+00:00,-1.9774684357883262e-13
2024-03-12 22:00:00+00:00,-2.4939208129678705e-13
2024-03-12 22:30:00+00:00,-1.2501782519197913e-12
2024-03-12 23:00:00+00:00,-2.1627762373608095e-12
2024-03-12 23:30:00+00:00,-2.3954127370174073e-12
2024-03-13 00:00:00+00:00,-2.006461111194109e-12
2024-03-13 00:30:00+00:00,9.630666050485922e-13
2024-03-13 01:00:00+00:00,-7.889083542360335e-13
2024-03-13 01:30:00+00:00,7.733104702061718e-13
2024-03-13 02:00:00+00:00,-5.9086684896779e-13
2024-03-13 02:30:00+00:00,-1.5819541791079604e-12
2024-03-13 03:00:00+00:00,-1.9958816884069114e-12
2024-03-13 03:30:00+00:00,3.9631651433634513e-13
2024-03-13 04:00:00+00:00,-8.772551420558738e-13
2024-03-13 04:30:00+00:00,-1.0999961636966423e-12
2024-03-13 05:00:00+00:00,-1.5355785659320218e-12
2024-03-13 05:30:00+00:00,-1.111423700372823e-12
2024-03-13 06:00:00+00:00,-1.7167709912884875e-12
2024-03-13 06:30:00+00:00,-8.829663225595322e-13
2024-03-13 07:00:00+00:00,1.0224483015938256e-12
2024-03-13 07:30:00+00:00,-5.9800962843306375e-12
2024-03-13 08:00:00+00:00,5.726971063928756e-14
2024-03-13 08:30:00+00:00,4.3056338047194916e-13
2024-03-13 09:00:00+00:00,-2.4096182692250117e-12
2024-03-13 09:30:00+00:00,6.046395828497789e-13
2024-03-13 10:00:00+00:00,-6.545216912807388e-13
2024-03-13 10:30:00+00:00,-8.010397289819336e-12
2024-03-13 11:00:00+00:00,1.4271841063200127e-11
2024-03-13 11:30:00+00:00,-5.639704146409813e-12
2024-03-13 12:00:00+00:00,-6.3538873482923416e-12
2024-03-13 12:30:00+00:00,4.00101060354565e-13
2024-03-13 13:00:00+00:00,2.376923363033302e-12
2024-03-13 13:30:00+00:00,1.513908624437024e-11
2024-03-13 14:00:00+00:00,1.8611513925767477e-11
2024-03-13 14:30:00+00:00,8.102994511015311e-11
2024-03-13 15:00:00+00:00,-1.2884610241815174e-12
2024-03-13 15:30:00+00:00,-4.6832478989857185e-12
2024-03-13 16:00:00+00:00,-9.04874092934686e-13
2024-03-13 16:30:00+00:00,1.792784796041567e-13
2024-03-13 17:00:00+00:00,4.464914616221684e-13
2024-03-13 17:30:00+00:00,-2.591446917263275e-13
2024-03-13 18:00:00+00:00,-7.92371740775261e-13
2024-03-13 18:30:00+00:00,-1.1995280784892378e-12
2024-03-13 19:00:00+00:00,-1.154295917682126e-12
2024-03-13 19:30:00+00:00,-9.87530897281132e-13
2024-03-13 20:00:00+00:00,-2.415130005765384e-13
2024-03-13 20:30:00+00:00,1.4054850598047169e-13
2024-03-13 21:00:00+00:00,-3.6846561375313726e-13
2024-03-13 21:30:00+00:00,-1.403282347197254e-12
2024-03-13 22:00:00+00:00,9.429894609200508e-13
2024-03-13 22:30:00+00:00,-4.447720211742757e-12
2024-03-13 23:00:00+00:00,1.9791564862047434e-11
2024-03-13 23:30:00+00:00,-6.7567012376994575e-12
2024-03-14 00:00:00+00:00,-7.339637607437575e-12
2024-03-14 00:30:00+00:00,1.8697301267700034e-12
2024-03-14 01:00:00+00:00,-1.616378457069261e-12
2024-03-14 01:30:00+00:00,5.036004115819196e-13
2024-03-14 02:00:00+00:00,1.1062650416818189e-13
2024-03-14 02:30:00+00:00,-1.2696641895661902e-12
2024-03-14 03:00:00+00:00,-6.692618087217188e-13
2024-03-14 03:30:00+00:00,-1.794639013270301e-14
2024-03-14 04:00:00+00:00,-5.745495911057998e-13
2024-03-14 04:30:00+00:00,1.425099474480715e-13
2024-03-14 05:00:00+00:00,3.948014273934047e-12
2024-03-14 05:30:00+00:00,1.2409772889644004e-11
2024-03-14 06:00:00+00:00,-8.297216784505094e-13
2024-03-14 06:30:00+00:00,-1.097881045927371e-12
2024-03-14 07:00:00+00:00,2.2309184976617966e-12
2024-03-14 07:30:00+00:00,-2.4106013565086073e-13
2024-03-14 08:00:00+00:00,1.3899620044120677e-12
2024-03-14 08:30:00+00:00,-3.301592424745562e-13
2024-03-14 09:00:00+00:00,-1.310580270769235e-12
2024-03-14 09:30:00+00:00,-1.0530441624138849e-12
2024-03-14 10:00:00+00:00,9.263679716017795e-15
2024-03-14 10:30:00+00:00,1.3389137403983116e-13
2024-03-14 11:00:00+00:00,6.677588633116105e-13
2024-03-14 11:30:00+00:00,-1.7860315501333444e-12
2024-03-14 12:00:00+00:00,2.080229452243865e-12
2024-03-14 12:30:00+00:00,-4.319088862810093e-13
2024-03-14 13:00:00+00:00,-1.1559199196723572e-12
2024-03-14 13:30:00+00:00,-1.5319402592002305e-12
2024-03-14 14:00:00+00:00,-1.7053453756537545e-11
2024-03-14 14:30:00+00:00,1.2333441252138886e-11
2024-03-14 15:00:00+00:00,-1.3399685914798676e-11
2024-03-14 15:30:00+00:00,4.324404340716233e-12
2024-03-14 16:00:00+00:00,-2.1556581518214448e-11
2024-03-14 16:30:00+00:00,-2.592264989788722e-11
2024-03-14 17:00:00+00:00,-9.279191391729329e-12
2024-03-14 17:30:00+00:00,2.3762583446469532e-11
2024-03-14 18:00:00+00:00,-6.29197375998299e-13
2024-03-14 18:30:00+00:00,1.3343782540330695e-12
2024-03-14 19:00:00+00:00,-1.2794362221092698e-12
2024-03-14 19:30:00+00:00,-1.5206477305461742e-10
2024-03-14 20:00:00+00:00,-3.136953066168767e-10
2024-03-14 20:30:00+00:00,3.4650827075290814e-10
2024-03-14 21:00:00+00:00,3.375191200185934e-12
2024-03-14 21:30:00+00:00,-3.89648984856346e-13
2024-03-14 22:00:00+00:00,4.9536434967259815e-12
2024-03-14 22:30:00+00:00,-3.075266643138545e-12
2024-03-14 23:00:00+00:00,-5.841077431888303e-13
2024-03-14 23:30:00+00:00,-1.4184977008436642e-12
2024-03-15 00:00:00+00:00,-3.752374658886262e-12
2024-03-15 00:30:00+00:00,1.3497073505837308e-12
2024-03-15 01:00:00+00:00,6.795202574666516e-13
2024-03-15 01:30:00+00:00,8.672858479477353e-13
2024-03-15 02:00:00+00:00,-5.398063638284276e-13
2024-03-15 02:30:00+00:00,2.9674454136622134e-12
2024-03-15 03:00:00+00:00,-1.0121123410445759e-10
2024-03-15 03:30:00+00:00,-9.430160826638665e-10
2024-03-15 04:00:00+00:00,3.9973677075640026e-10
2024-03-15 04:30:00+00:00,3.6716437146575314e-12
2024-03-15 05:00:00+00:00,-1.0560901505337819e-10
2024-03-15 05:30:00+00:00,9.727981232866857e-11
2024-03-15 06:00:00+00:00,8.400181358471891e-12
2024-03-15 06:30:00+00:00,1.7027987792876096e-12
2024-03-15 07:00:00+00:00,-1.927307363441277e-12
2024-03-15 07:30:00+00:00,-3.409984786487698e-13
2024-03-15 08:00:00+00:00,-1.849409244172074e-12
2024-03-15 08:30:00+00:00,1.793613714675699e-12
2024-03-15 09:00:00+00:00,-6.21087909696659e-12
2024-03-15 09:30:00+00:00,-4.130116185279542e-10
2024-03-15 10:00:00+00:00,6.596767989488452e-10
2024-03-15 10:30:00+00:00,-1.3049459589931853e-12
2024-03-15 11:00:00+00:00,1.8613379798497737e-11
2024-03-15 11:30:00+00:00,1.8608526830238844e-11
2024-03-15 12:00:00+00:00,4.548686269730045e-11
2024-03-15 12:30:00+00:00,-7.613713672127133e-12
2024-03-15 13:00:00+00:00,6.160588095528862e-12
2024-03-15 13:30:00+00:00,1.1514337426390329e-11
2024-03-15 14:00:00+00:00,-1.8842013921992363e-11
2024-03-15 14:30:00+00:00,-2.5224480925317177e-11
2024-03-15 15:00:00+00:00,-1.7402725499184283e-11
2024-03-15 15:30:00+00:00,-1.1691126005450236e-11
2024-03-15 16:00:00+00:00,-4.416932515174519e-11
2024-03-15 16:30:00+00:00,-4.791851882893343e-11
2024-03-15 17:00:00+00:00,-3.057195785412334e-12
2024-03-15 17:30:00+00:00,-2.4426055429692534e-11
2024-03-15 18:00:00+00:00,-3.230994703741254e-11
2024-03-15 18:30:00+00:00,2.7560260433542566e-11
2024-03-15 19:00:00+00:00,1.3873527404054095e-11
2024-03-15 19:30:00+00:00,-7.481491867021532e-12
2024-03-15 20:00:00+00:00,-4.2908142098010224e-11
2024-03-15 20:30:00+00:00,3.6921865767662154e-11
2024-03-15 21:00:00+00:00,1.2659395701572375e-11
2024-03-15 21:30:00+00:00,1.1058758162050948e-12
2024-03-15 22:00:00+00:00,-3.7086219873733016e-12
2024-03-15 22:30:00+00:00,-4.623116312210898e-12
2024-03-15 23:00:00+00:00,3.2077103612850555e-12
2024-03-15 23:30:00+00:00,-5.652878704893696e-12
2024-03-16 00:00:00+00:00,-5.584688152099349e-11
2024-03-16 00:30:00+00:00,1.1479897501825816e-11
2024-03-16 01:00:00+00:00,3.2151744586387375e-13
2024-03-16 01:30:00+00:00,-4.018475154440361e-14
2024-03-16 02:00:00+00:00,-2.2517708670826334e-14
2024-03-16 02:30:00+00:00,-3.386731446481731e-12
2024-03-16 03:00:00+00:00,-3.400006964959178e-12
2024-03-16 03:30:00+00:00,-1.1603192594393752e-12
2024-03-16 04:00:00+00:00,-1.6398159922178528e-12
2024-03-16 04:30:00+00:00,-2.359393274501978e-12
2024-03-16 05:00:00+00:00,1.2362506630973935e-12
2024-03-16 05:30:00+00:00,-1.868460279566484e-12
2024-03-16 06:00:00+00:00,1.8786205257359745e-12
2024-03-16 06:30:00+00:00,-1.925527188239427e-12
2024-03-16 07:00:00+00:00,-2.5479501741916454e-12
2024-03-16 07:30:00+00:00,-1.289433851000338e-13
2024-03-16 08:00:00+00:00,-1.2891515988342223e-12
2024-03-16 08:30:00+00:00,-3.2041606977190714e-13
2024-03-16 09:00:00+00:00,-1.1448701309533096e-12
2024-03-16 09:30:00+00:00,-9.760956325035514e-13
2024-03-16 10:00:00+00:00,4.442602784974855e-12
2024-03-16 10:30:00+00:00,-2.3591400037902086e-12
2024-03-16 11:00:00+00:00,1.0600016788244402e-12
2024-03-16 11:30:00+00:00,-1.022629834921073e-12
2024-03-16 12:00:00+00:00,3.4916710212137274e-12
2024-03-16 12:30:00+00:00,-8.681905917766939e-13
2024-03-16 13:00:00+00:00,4.452890427678354e-12
2024-03-16 13:30:00+00:00,-4.323493352238109e-13
2024-03-16 14:00:00+00:00,-2.1684380732846614e-12
2024-03-16 14:30:00+00:00,-6.927110058575168e-12
2024-03-16 15:00:00+00:00,5.239970086798991e-12
2024-03-16 15:30:00+00:00,-1.241202481630556e-12
2024-03-16 16:00:00+00:00,3.395892021894555e-13
2024-03-16 16:30:00+00:00,-4.5175873019543677e-13
2024-03-16 17:00:00+00:00,-2.3029663934629663e-12
2024-03-16 17:30:00+00:00,-1.1493402325427641e-12
2024-03-16 18:00:00+00:00,-1.4055331260185313e-12
2024-03-16 18:30:00+00:00,-3.705932153236712e-11
2024-03-16 19:00:00+00:00,7.767231728358037e-12
2024-03-16 19:30:00+00:00,-1.7777883413461218e-12
2024-03-16 20:00:00+00:00,-8.979109633877604e-12
2024-03-16 20:30:00+00:00,-1.56302553566963e-11
2024-03-16 21:00:00+00:00,1.934162435618961e-11
2024-03-16 21:30:00+00:00,1.1780858675520758e-12
2024-03-16 22:00:00+00:00,-3.010120381047499e-11
2024-03-16 22:30:00+00:00,4.749748073134813e-11
2024-03-16 23:00:00+00:00,-4.001691087126243e-13
2024-03-16 23:30:00+00:00,9.819324115784783e-12
2024-03-17 00:00:00+00:00,5.869856346858039e-11
2024-03-17 00:30:00+00:00,6.536103341494552e-12
2024-03-17 01:00:00+00:00,-2.603657676373784e-12
2024-03-17 01:30:00+00:00,2.6685876238841797e-12
2024-03-17 02:00:00+00:00,1.1882871627147806e-12
2024-03-17 02:30:00+00:00,1.775438947754584e-12
2024-03-17 03:00:00+00:00,-2.6014069168108164e-12
2024-03-17 03:30:00+00:00,-1.186674957607309e-12
2024-03-17 04:00:00+00:00,-2.4888290934728603e-12
2024-03-17 04:30:00+00:00,-3.028511560915974e-12
2024-03-17 05:00:00+00:00,-1.6596124629064079e-12
2024-03-17 05:30:00+00:00,-9.006778249533888e-13
2024-03-17 06:00:00+00:00,6.128936381535225e-15
2024-03-17 06:30:00+00:00,-9.377916906462557e-13
2024-03-17 07:00:00+00:00,8.90980041121812e-12
2024-03-17 07:30:00+00:00,-1.5695995615567387e-11
2024-03-17 08:00:00+00:00,5.172523351739083e-12
2024-03-17 08:30:00+00:00,-2.8287492838840923e-12
2024-03-17 09:00:00+00:00,-2.156426398117837e-12
2024-03-17 09:30:00+00:00,3.950130666395117e-12
2024-03-17 10:00:00+00:00,-7.741776488929327e-13
2024-03-17 10:30:00+00:00,1.1538862423934051e-12
2024-03-17 11:00:00+00:00,6.930132054138391e-13
2024-03-17 11:30:00+00:00,3.313407405852903e-14
2024-03-17 12:00:00+00:00,-3.7503220508626273e-13
2024-03-17 12:30:00+00:00,-4.3716683128027664e-13
2024-03-17 13:00:00+00:00,1.312131707279429e-12
2024-03-17 13:30:00+00:00,-8.939371217679909e-12
2024-03-17 14:00:00+00:00,5.5399669343144155e-11
2024-03-17 14:30:00+00:00,-5.995969638645231e-13
2024-03-17 15:00:00+00:00,5.610961306507168e-13
2024-03-17 15:30:00+00:00,1.0694486871369712e-12
2024-03-17 16:00:00+00:00,1.4739994625454728e-12
2024-03-17 16:30:00+00:00,-1.6687987338420398e-11
2024-03-17 17:00:00+00:00,1.2317338035534762e-11
2024-03-17 17:30:00+00:00,-1.342500460195072e-12
2024-03-17 18:00:00+00:00,-1.363484322051937e-14
2024-03-17 18:30:00+00:00,-6.012271718860981e-13
2024-03-17 19:00:00+00:00,-7.874866665656178e-13
2024-03-17 19:30:00+00:00,-1.5939452232940989e-12
2024-03-17 20:00:00+00:00,-2.169656042081938e-12
2024-03-17 20:30:00+00:00,-1.0088662194312434e-12
2024-03-17 21:00:00+00:00,-1.6765672143365486e-12
2024-03-17 21:30:00+00:00,-2.3744481561538162e-12
2024-03-17 22:00:00+00:00,-9.307679650370551e-13
2024-03-17 22:30:00+00:00,-1.2133859098628351e-14
2024-03-17 23:00:00+00:00,9.746157240552595e-13
2024-03-17 23:30:00+00:00,7.619102955581373e-13
2024-03-18 00:00:00+00:00,-1.371464003671489e-12
2024-03-18 00:30:00+00:00,1.4490608829725558e-12
2024-03-18 01:00:00+00:00,-6.596751023496357e-12
2024-03-18 01:30:00+00:00,-9.176022433096805e-13
2024-03-18 02:00:00+00:00,5.926192995988158e-12
2024-03-18 02:30:00+00:00,-1.1871481531960245e-12
2024-03-18 03:00:00+00:00,2.2693954539216994e-12
2024-03-18 03:30:00+00:00,1.1322467974867067e-12
2024-03-18 04:00:00+00:00,-1.0857460464885505e-12
2024-03-18 04:30:00+00:00,-1.1071562420581048e-12
2024-03-18 05:00:00+00:00,3.223217618633255e-13
2024-03-18 05:30:00+00:00,5.943874616144583e-13
2024-03-18 06:00:00+00:00,-2.6975761888137853e-13
2024-03-18 06:30:00+00:00,-3.9001894043537903e-13
2024-03-18 07:00:00+00:00,-1.279606110536811e-12
2024-03-18 07:30:00+00:00,-2.0253567304782725e-12
2024-03-18 08:00:00+00:00,4.14541048070031e-12
2024-03-18 08:30:00+00:00,-5.029701768879484e-13
2024-03-18 09:00:00+00:00,-4.204040600091512e-13
2024-03-18 09:30:00+00:00,1.3069135153098753e-12
2024-03-18 10:00:00+00:00,-2.688619854044453e-12
2024-03-18 10:30:00+00:00,-7.389192579857739e-13
2024-03-18 11:00:00+00:00,1.7606844631990436e-12
2024-03-18 11:30:00+00:00,-7.461516598630946e-13
2024-03-18 12:00:00+00:00,-1.685241257796779e-12
2024-03-18 12:30:00+00:00,3.934292624810243e-12
2024-03-18 13:00:00+00:00,1.1740864683376942e-12
2024-03-18 13:30:00+00:00,3.9320599162834313e-13
2024-03-18 14:00:00+00:00,-1.665972213138572e-11
2024-03-18 14:30:00+00:00,1.456928617724717e-12
2024-03-18 15:00:00+00:00,-1.4071212523539846e-11
2024-03-18 15:30:00+00:00,-1.1083157515746045e-11
2024-03-18 16:00:00+00:00,6.999619530262706e-12
2024-03-18 16:30:00+00:00,-1.4749101233598912e-12
2024-03-18 17:00:00+00:00,-6.516024466191438e-12
2024-03-18 17:30:00+00:00,-2.2713026156420578e-11
2024-03-18 18:00:00+00:00,-3.2876067140086874e-11
2024-03-18 18:30:00+00:00,2.0093716645735855e-11
2024-03-18 19:00:00+00:00,1.6246045211957644e-12
2024-03-18 19:30:00+00:00,-1.3937065463509329e-12
2024-03-18 20:00:00+00:00,-1.0537351189549652e-12
2024-03-18 20:30:00+00:00,-5.218874021569421e-13
2024-03-18 21:00:00+00:00,5.253499798928064e-13
2024-03-18 21:30:00+00:00,-3.100297463637814e-13
2024-03-18 22:00:00+00:00,3.5077372584327285e-12
2024-03-18 22:30:00+00:00,1.743985206194038e-12
2024-03-18 23:00:00+00:00,-7.770525656774601e-13
2024-03-18 23:30:00+00:00,-1.8773850618030946e-12
2024-03-19 00:00:00+00:00,-1.8299963706461417e-12
2024-03-19 00:30:00+00:00,5.268904537690324e-12
2024-03-19 01:00:00+00:00,-2.7990049759441343e-12
2024-03-19 01:30:00+00:00,-1.0938853001718891e-11
2024-03-19 02:00:00+00:00,-1.8749091353121554e-11
2024-03-19 02:30:00+00:00,6.966594025047977e-12
2024-03-19 03:00:00+00:00,1.6195497152805993e-12
2024-03-19 03:30:00+00:00,5.353356126787666e-13
2024-03-19 04:00:00+00:00,-6.281889820661613e-12
2024-03-19 04:30:00+00:00,-1.2800784998591933e-11
2024-03-19 05:00:00+00:00,-2.0960615090271345e-11
2024-03-19 05:30:00+00:00,2.2615952760876533e-12
2024-03-19 06:00:00+00:00,-1.385282656413319e-11
2024-03-19 06:30:00+00:00,1.0873107185836019e-11
2024-03-19 07:00:00+00:00,-5.7026757176582596e-12
2024-03-19 07:30:00+00:00,-5.545396572620423e-11
2024-03-19 08:00:00+00:00,6.80052758974241e-11
2024-03-19 08:30:00+00:00,9.608862406636278e-12
2024-03-19 09:00:00+00:00,-1.701187711575298e-11
2024-03-19 09:30:00+00:00,-3.567008782981911e-10
2024-03-19 10:00:00+00:00,7.710572108442077e-10
2024-03-19 10:30:00+00:00,2.762486421865127e-12
2024-03-19 11:00:00+00:00,-6.192258650023119e-12
2024-03-19 11:30:00+00:00,5.1136956618594514e-11
2024-03-19 12:00:00+00:00,-1.8171443413981498e-12
2024-03-19 12:30:00+00:00,-5.739216236796956e-11
2024-03-19 13:00:00+00:00,6.596013637900017e-11
2024-03-19 13:30:00+00:00,2.981529177707566e-12
2024-03-19 14:00:00+00:00,9.273424872019288e-13
2024-03-19 14:30:00+00:00,-4.740878667303568e-13
2024-03-19 15:00:00+00:00,-2.7689289101439135e-12
2024-03-19 15:30:00+00:00,-2.3144822684869597e-12
2024-03-19 16:00:00+00:00,-1.120625858129604e-11
2024-03-19 16:30:00+00:00,-1.0402737222605913e-11
2024-03-19 17:00:00+00:00,1.2596827769042158e-11
2024-03-19 17:30:00+00:00,4.858665939599555e-14
2024-03-19 18:00:00+00:00,7.555019275248237e-13
2024-03-19 18:30:00+00:00,2.2907974733703406e-13
2024-03-19 19:00:00+00:00,2.1465726656476603e-12
2024-03-19 19:30:00+00:00,1.9249270874225692e-12
2024-03-19 20:00:00+00:00,-6.792207485470335e-14
2024-03-19 20:30:00+00:00,2.802147615284465e-13
2024-03-19 21:00:00+00:00,-1.6725556627499788e-12
2024-03-19 21:30:00+00:00,-8.629949024832165e-12
2024-03-19 22:00:00+00:00,-1.1792057764615623e-11
2024-03-19 22:30:00+00:00,2.6052454315776523e-11
2024-03-19 23:00:00+00:00,6.009682544043404e-12
2024-03-19 23:30:00+00:00,-1.8847909247905557e-11
2024-03-20 00:00:00+00:00,3.7501465513620765e-11
2024-03-20 00:30:00+00:00,-1.6132010116332953e-11
2024-03-20 01:00:00+00:00,7.493518390586452e-12
2024-03-20 01:30:00+00:00,-4.287433507931649e-12
2024-03-20 02:00:00+00:00,-4.90235988053124e-12
2024-03-20 02:30:00+00:00,4.439768081324949e-12
2024-03-20 03:00:00+00:00,2.0364915735167998e-12
2024-03-20 03:30:00+00:00,-1.7975818519952224e-12
2024-03-20 04:00:00+00:00,1.685959987117649e-11
2024-03-20 04:30:00+00:00,-5.1440165316544744e-11
2024-03-20 05:00:00+00:00,3.719754382617822e-11
2024-03-20 05:30:00+00:00,-2.8603972748859358e-11
2024-03-20 06:00:00+00:00,6.425681171158486e-12
2024-03-20 06:30:00+00:00,8.390376883655316e-12
2024-03-20 07:00:00+00:00,2.186264227704135e-12
2024-03-20 07:30:00+00:00,2.473265174992185e-12
2024-03-20 08:00:00+00:00,9.298868827119278e-14
2024-03-20 08:30:00+00:00,7.107147464224633e-13
2024-03-20 09:00:00+00:00,5.557673275000638e-13
2024-03-20 09:30:00+00:00,1.839207936075494e-12
2024-03-20 10:00:00+00:00,2.963609326825746e-12
2024-03-20 10:30:00+00:00,2.657968996844439e-13
2024-03-20 11:00:00+00:00,-1.1912843658404306e-12
2024-03-20 11:30:00+00:00,-8.619697892585972e-13
2024-03-20 12:00:00+00:00,2.849169068443901e-12
2024-03-20 12:30:00+00:00,-7.040726357756411e-12
2024-03-20 13:00:00+00:00,7.218632248978767e-12
2024-03-20 13:30:00+00:00,6.473552191527651e-12
2024-03-20 14:00:00+00:00,1.2306772978343267e-11
2024-03-20 14:30:00+00:00,-4.242833734748224e-12
2024-03-20 15:00:00+00:00,9.325932895723028e-12
2024-03-20 15:30:00+00:00,-7.071003484566893e-12
2024-03-20 16:00:00+00:00,-1.5354925426363684e-11
2024-03-20 16:30:00+00:00,-1.2601604889525333e-10
2024-03-20 17:00:00+00:00,-1.2321300285377082e-11
2024-03-20 17:30:00+00:00,-1.4424628251561746e-10
2024-03-20 18:00:00+00:00,1.341266749130875e-10
2024-03-20 18:30:00+00:00,-7.196552916414757e-12
2024-03-20 19:00:00+00:00,-8.227930069456547e-14
2024-03-20 19:30:00+00:00,2.8853515955663116e-12
2024-03-20 20:00:00+00:00,6.855507385933975e-13
2024-03-20 20:30:00+00:00,-3.52083739037276e-13
2024-03-20 21:00:00+00:00,-8.536662660895986e-12
2024-03-20 21:30:00+00:00,1.4847598592997298e-11
2024-03-20 22:00:00+00:00,-1.3137092072257555e-12
2024-03-20 22:30:00+00:00,3.6202631963962e-12
2024-03-20 23:00:00+00:00,4.157787877998399e-12
2024-03-20 23:30:00+00:00,6.228581676407165e-13
2024-03-21 00:00:00+00:00,-1.2098616464986723e-12
2024-03-21 00:30:00+00:00,2.1292298943533628e-12
2024-03-21 01:00:00+00:00,-6.803773130375249e-13
2024-03-21 01:30:00+00:00,1.155147416472128e-11
2024-03-21 02:00:00+00:00,-2.2501486182967085e-12
2024-03-21 02:30:00+00:00,1.18492785157018e-12
2024-03-21 03:00:00+00:00,-8.015007280811761e-13
2024-03-21 03:30:00+00:00,-9.85668548236201e-13
2024-03-21 04:00:00+00:00,7.597010809074073e-12
2024-03-21 04:30:00+00:00,4.473067404242814e-12
2024-03-21 05:00:00+00:00,3.342133583659195e-12
2024-03-21 05:30:00+00:00,-3.6519057627391864e-13
2024-03-21 06:00:00+00:00,4.606092094391292e-12
2024-03-21 06:30:00+00:00,3.296930059656683e-13
2024-03-21 07:00:00+00:00,2.5090174295158147e-12
2024-03-21 07:30:00+00:00,-1.6052027139385604e-12
2024-03-21 08:00:00+00:00,-3.536303791682317e-12
2024-03-21 08:30:00+00:00,6.379260377476304e-12
2024-03-21 09:00:00+00:00,-9.475850516978389e-13
2024-03-21 09:30:00+00:00,4.556386835050727e-12
2024-03-21 10:00:00+00:00,1.7748966885267821e-12
2024-03-21 10:30:00+00:00,-5.747847335113749e-12
2024-03-21 11:00:00+00:00,2.162714887134639e-12
2024-03-21 11:30:00+00:00,-1.4987675322745079e-12
2024-03-21 12:00:00+00:00,-1.8931338471601345e-13
2024-03-21 12:30:00+00:00,-1.8765280810272446e-12
2024-03-21 13:00:00+00:00,4.052690991616874e-12
2024-03-21 13:30:00+00:00,2.24382499482671e-12
2024-03-21 14:00:00+00:00,1.3431555912562885e-12
2024-03-21 14:30:00+00:00,2.2220016147463735e-11
2024-03-21 15:00:00+00:00,7.707394241166316e-13
2024-03-21 15:30:00+00:00,2.1516941728488797e-12
2024-03-21 16:00:00+00:00,3.0725580819227056e-13
2024-03-21 16:30:00+00:00,-2.5446896684986075e-13
2024-03-21 17:00:00+00:00,2.5140581091360414e-13
2024-03-21 17:30:00+00:00,1.0742177367821834e-11
2024-03-21 18:00:00+00:00,-2.1440958032152544e-12
2024-03-21 18:30:00+00:00,-8.816216249109697e-12
2024-03-21 19:00:00+00:00,-2.4227607223586288e-11
2024-03-21 19:30:00+00:00,2.9530308526711944e-11
2024-03-21 20:00:00+00:00,8.26701703115172e-14
2024-03-21 20:30:00+00:00,-4.934838082349259e-12
2024-03-21 21:00:00+00:00,6.814607406063956e-11
2024-03-21 21:30:00+00:00,-4.375993210063749e-14
2024-03-21 22:00:00+00:00,-2.2051857893413596e-12
2024-03-21 22:30:00+00:00,-5.761221672656804e-13
2024-03-21 23:00:00+00:00,-1.7274747335681319e-12
2024-03-21 23:30:00+00:00,-8.883010354706999e-13
2024-03-22 00:00:00+00:00,-7.162477038846685e-13
2024-03-22 00:30:00+00:00,1.4353760600021816e-12
2024-03-22 01:00:00+00:00,-2.9371421723649602e-12
2024-03-22 01:30:00+00:00,5.984416116760422e-12
2024-03-22 02:00:00+00:00,-2.912636222292444e-13
2024-03-22 02:30:00+00:00,3.592909187364604e-12
2024-03-22 03:00:00+00:00,4.590537986562006e-14
2024-03-22 03:30:00+00:00,1.3410332103800157e-13
2024-03-22 04:00:00+00:00,-4.165371648255324e-13
2024-03-22 04:30:00+00:00,-4.3100294711797145e-13
2024-03-22 05:00:00+00:00,-3.4126910809865245e-13
2024-03-22 05:30:00+00:00,-1.0294218923566754e-12
2024-03-22 06:00:00+00:00,-1.1368175861048499e-12
2024-03-22 06:30:00+00:00,3.404130444414192e-13
2024-03-22 07:00:00+00:00,-2.0620256117727206e-12
2024-03-22 07:30:00+00:00,-9.87892953014921e-13
2024-03-22 08:00:00+00:00,-2.5702325261892566e-12
2024-03-22 08:30:00+00:00,4.178766665104397e-14
2024-03-22 09:00:00+00:00,1.7909106110802693e-12
2024-03-22 09:30:00+00:00,5.314164389594218e-12
2024-03-22 10:00:00+00:00,4.190853618472029e-12
2024-03-22 10:30:00+00:00,-4.5988908842760455e-12
2024-03-22 11:00:00+00:00,5.776922462972415e-12
2024-03-22 11:30:00+00:00,-1.622917715950992e-12
2024-03-22 12:00:00+00:00,-7.039548552205713e-12
2024-03-22 12:30:00+00:00,-3.0420458576770283e-11
2024-03-22 13:00:00+00:00,4.251045893423542e-11
2024-03-22 13:30:00+00:00,3.3703095069563803e-12
2024-03-22 14:00:00+00:00,-2.1331679768519874e-11
2024-03-22 14:30:00+00:00,-4.943238201915727e-11
2024-03-22 15:00:00+00:00,-3.640473011585154e-12
2024-03-22 15:30:00+00:00,-3.1947134702655186e-11
2024-03-22 16:00:00+00:00,-3.266317023750936e-11
2024-03-22 16:30:00+00:00,2.427004638650853e-11
2024-03-22 17:00:00+00:00,-3.66517721966435e-12
2024-03-22 17:30:00+00:00,-2.0634500613347058e-12
2024-03-22 18:00:00+00:00,1.133976731397463e-11
2024-03-22 18:30:00+00:00,-5.748420839219652e-13
2024-03-22 19:00:00+00:00,-1.342233391081403e-12
2024-03-22 19:30:00+00:00,-3.587007921313927e-13
2024-03-22 20:00:00+00:00,5.452446090953973e-13
2024-03-22 20:30:00+00:00,1.1970764354303288e-12
2024-03-22 21:00:00+00:00,-7.940664731264617e-13
2024-03-22 21:30:00+00:00,5.099865498631065e-12
2024-03-22 22:00:00+00:00,-2.0584642082745316e-11
2024-03-22 22:30:00+00:00,2.1258636077930208e-11
2024-03-22 23:00:00+00:00,1.7862085004950186e-12
2024-03-22 23:30:00+00:00,-2.5163744454339774e-12
2024-03-23 00:00:00+00:00,4.0844523259382177e-13
2024-03-23 00:30:00+00:00,-4.4995285811705014e-13
2024-03-23 01:00:00+00:00,-1.5870248284036424e-12
2024-03-23 01:30:00+00:00,-2.6257802334089104e-12
2024-03-23 02:00:00+00:00,1.966138520231211e-12
2024-03-23 02:30:00+00:00,-4.2502118699488347e-13
2024-03-23 03:00:00+00:00,-7.894409198297834e-13
2024-03-23 03:30:00+00:00,7.429331932153089e-13
2024-03-23 04:00:00+00:00,5.09024736297292e-14
2024-03-23 04:30:00+00:00,8.284915935166967e-12
2024-03-23 05:00:00+00:00,-6.53087194024999e-13
2024-03-23 05:30:00+00:00,-4.739678400219632e-13
2024-03-23 06:00:00+00:00,-1.130033878531274e-12
2024-03-23 06:30:00+00:00,-1.768375289156954e-12
2024-03-23 07:00:00+00:00,-3.421027132006679e-14
2024-03-23 07:30:00+00:00,1.2288150443109936e-12
2024-03-23 08:00:00+00:00,-1.3546344490839968e-13
2024-03-23 08:30:00+00:00,-1.150724360425395e-13
2024-03-23 09:00:00+00:00,-8.46397802846151e-13
2024-03-23 09:30:00+00:00,-5.723301815699248e-13
2024-03-23 10:00:00+00:00,-1.1602924410718802e-14
2024-03-23 10:30:00+00:00,-1.0442526857785334e-12
2024-03-23 11:00:00+00:00,5.821795636776152e-15
2024-03-23 11:30:00+00:00,-7.625935098926304e-13
2024-03-23 12:00:00+00:00,-2.254053434016393e-13
2024-03-23 12:30:00+00:00,-7.071955203215582e-13
2024-03-23 13:00:00+00:00,-3.845886135939829e-13
2024-03-23 13:30:00+00:00,-1.1090038514257549e-12
2024-03-23 14:00:00+00:00,1.442504220328949e-12
2024-03-23 14:30:00+00:00,-1.6128681453421972e-12
2024-03-23 15:00:00+00:00,1.1530387195079187e-11
2024-03-23 15:30:00+00:00,2.0757275362233065e-13
2024-03-23 16:00:00+00:00,1.6551175442423162e-13
2024-03-23 16:30:00+00:00,5.009020138532109e-13
2024-03-23 17:00:00+00:00,-7.523480582925567e-14
2024-03-23 17:30:00+00:00,2.4388942389564497e-13
2024-03-23 18:00:00+00:00,-1.3684194104768501e-12
2024-03-23 18:30:00+00:00,-2.02955944650656e-12
2024-03-23 19:00:00+00:00,-1.4981961430076468e-12
2024-03-23 19:30:00+00:00,-1.0028502546413323e-12
2024-03-23 20:00:00+00:00,-6.860068087687127e-13
2024-03-23 20:30:00+00:00,-3.642221665594335e-13
2024-03-23 21:00:00+00:00,-1.3077660874446471e-12
2024-03-23 21:30:00+00:00,-1.2354987577534642e-12
2024-03-23 22:00:00+00:00,1.0672882341591718e-12
2024-03-23 22:30:00+00:00,-4.2044412747319666e-13
2024-03-23 23:00:00+00:00,2.627038456715769e-13
2024-03-23 23:30:00+00:00,1.5926055251031947e-13
2024-03-24 00:00:00+00:00,5.906506095514329e-13
2024-03-24 00:30:00+00:00,7.422106388397564e-13
2024-03-24 01:00:00+00:00,-1.9783781815760463e-13
2024-03-24 01:30:00+00:00,5.7623862471296e-13
2024-03-24 02:00:00+00:00,-7.680632018983259e-13
2024-03-24 02:30:00+00:00,-1.5104490700073728e-13
2024-03-24 03:00:00+00:00,-1.0812090122859846e-12
2024-03-24 03:30:00+00:00,3.857124032069407e-12
2024-03-24 04:00:00+00:00,3.476003554134761e-12
2024-03-24 04:30:00+00:00,4.2444186637302717e-13
2024-03-24 05:00:00+00:00,-7.915554189638174e-14
2024-03-24 05:30:00+00:00,5.805609076963558e-13
2024-03-24 06:00:00+00:00,-2.233040891829461e-12
2024-03-24 06:30:00+00:00,-2.407756355831175e-13
2024-03-24 07:00:00+00:00,-7.433582927686773e-13
2024-03-24 07:30:00+00:00,-1.4169895661849767e-12
2024-03-24 08:00:00+00:00,2.0958544036301047e-12
2024-03-24 08:30:00+00:00,-5.56325579653873e-14
2024-03-24 09:00:00+00:00,1.291770311622474e-13
2024-03-24 09:30:00+00:00,-4.0218223319530654e-13
2024-03-24 10:00:00+00:00,-5.743366918024198e-13
2024-03-24 10:30:00+00:00,4.683000103111079e-13
2024-03-24 11:00:00+00:00,-2.5790619909511286e-13
2024-03-24 11:30:00+00:00,-1.2524164833135709e-12
2024-03-24 12:00:00+00:00,-1.167188569836732e-12
2024-03-24 12:30:00+00:00,1.7875275553560403e-12
2024-03-24 13:00:00+00:00,-5.20355917274521e-14
2024-03-24 13:30:00+00:00,3.673789797877212e-13
2024-03-24 14:00:00+00:00,-9.853330858765838e-14
2024-03-24 14:30:00+00:00,-2.803711253706933e-13
2024-03-24 15:00:00+00:00,-6.994734275281939e-13
2024-03-24 15:30:00+00:00,-3.711659990457454e-13
2024-03-24 16:00:00+00:00,-8.235817989761366e-13
2024-03-24 16:30:00+00:00,-6.014578294456632e-13
2024-03-24 17:00:00+00:00,-2.2244148433265807e-13
2024-03-24 17:30:00+00:00,5.013462157241557e-12
2024-03-24 18:00:00+00:00,1.4075578142773962e-11
2024-03-24 18:30:00+00:00,1.514326031410912e-12
2024-03-24 19:00:00+00:00,2.2949057312263277e-12
2024-03-24 19:30:00+00:00,6.280570478089502e-12
2024-03-24 20:00:00+00:00,-1.3783016606002198e-12
2024-03-24 20:30:00+00:00,1.0993676022621407e-12
2024-03-24 21:00:00+00:00,2.849707551352342e-13
2024-03-24 21:30:00+00:00,-9.474454955898839e-14
2024-03-24 22:00:00+00:00,-6.369166316261385e-13
2024-03-24 22:30:00+00:00,7.009139657679124e-13
2024-03-24 23:00:00+00:00,1.931168294715688e-13
2024-03-24 23:30:00+00:00,4.885354953270203e-13
2024-03-25 00:00:00+00:00,4.030777232333352e-12
2024-03-25 00:30:00+00:00,2.4507099639290997e-12
2024-03-25 01:00:00+00:00,4.12632117401534e-13
2024-03-25 01:30:00+00:00,3.4480004141279293e-13
2024-03-25 02:00:00+00:00,-8.244564088066437e-14
2024-03-25 02:30:00+00:00,-9.448540451229963e-15
2024-03-25 03:00:00+00:00,-4.387996517291126e-13
2024-03-25 03:30:00+00:00,-1.3861613195354912e-12
2024-03-25 04:00:00+00:00,1.2366846999435302e-13
2024-03-25 04:30:00+00:00,-4.612243080994112e-13
2024-03-25 05:00:00+00:00,-9.403855042582026e-13
2024-03-25 05:30:00+00:00,-7.154281848579197e-13
2024-03-25 06:00:00+00:00,4.1681715987119145e-13
2024-03-25 06:30:00+00:00,-7.404788485096474e-13
2024-03-25 07:00:00+00:00,-4.5418490120899226e-13
2024-03-25 07:30:00+00:00,-9.785703179801674e-13
2024-03-25 08:00:00+00:00,-3.0948125690217247e-13
2024-03-25 08:30:00+00:00,-6.103902943541621e-15
2024-03-25 09:00:00+00:00,-1.5174508288667304e-13
2024-03-25 09:30:00+00:00,-8.760647441771585e-13
2024-03-25 10:00:00+00:00,-1.3329301789905613e-13
2024-03-25 10:30:00+00:00,-2.454364332267428e-13
2024-03-25 11:00:00+00:00,-4.5181295771390744e-14
2024-03-25 11:30:00+00:00,-2.3343856477689833e-13
2024-03-25 12:00:00+00:00,-2.728066796183028e-13
2024-03-25 12:30:00+00:00,1.862359130001659e-13
2024-03-25 13:00:00+00:00,-3.2617397487463123e-13
2024-03-25 13:30:00+00:00,3.430310992384394e-13
2024-03-25 14:00:00+00:00,1.70245772286605e-12
2024-03-25 14:30:00+00:00,-2.3085384393615755e-11
2024-03-25 15:00:00+00:00,2.298051712893506e-11
2024-03-25 15:30:00+00:00,9.338320056148743e-13
2024-03-25 16:00:00+00:00,3.013419481216954e-12
2024-03-25 16:30:00+00:00,4.270825163882446e-13
2024-03-25 17:00:00+00:00,-8.798996454492056e-13
2024-03-25 17:30:00+00:00,2.1280295465573215e-12
2024-03-25 18:00:00+00:00,1.7720464812446141e-13
2024-03-25 18:30:00+00:00,4.64330450277018e-13
2024-03-25 19:00:00+00:00,-7.032614541819772e-13
2024-03-25 19:30:00+00:00,-4.8358499116405256e-14
2024-03-25 20:00:00+00:00,-6.664691260605035e-13
2024-03-25 20:30:00+00:00,2.9085918905501925e-13
2024-03-25 21:00:00+00:00,-7.441161221888905e-13
2024-03-25 21:30:00+00:00,7.573842861793227e-12
2024-03-25 22:00:00+00:00,6.418612769705814e-12
2024-03-25 22:30:00+00:00,8.679039710672077e-13
2024-03-25 23:00:00+00:00,-2.0339560246004875e-13
2024-03-25 23:30:00+00:00,-1.5957423635791416e-13
2024-03-26 00:00:00+00:00,2.575032229471984e-13
2024-03-26 00:30:00+00:00,1.0340347403157813e-13
2024-03-26 01:00:00+00:00,1.3031128912737096e-12
2024-03-26 01:30:00+00:00,-6.660394878540621e-13
2024-03-26 02:00:00+00:00,-1.426556065434111e-12
2024-03-26 02:30:00+00:00,-1.1479831252324409e-12
2024-03-26 03:00:00+00:00,-5.743496722178922e-13
2024-03-26 03:30:00+00:00,-1.1154974177867605e-12
2024-03-26 04:00:00+00:00,-5.296144595525448e-13
2024-03-26 04:30:00+00:00,-6.441446958700352e-13
2024-03-26 05:00:00+00:00,-1.5253788335357414e-12
2024-03-26 05:30:00+00:00,-3.3136356252648957e-13
2024-03-26 06:00:00+00:00,-8.322254156059252e-13
2024-03-26 06:30:00+00:00,-8.941093129559758e-13
2024-03-26 07:00:00+00:00,-5.50059816740303e-13
2024-03-26 07:30:00+00:00,4.911721087216819e-13
2024-03-26 08:00:00+00:00,1.054264061215036e-13
2024-03-26 08:30:00+00:00,-1.0270811239528289e-15
2024-03-26 09:00:00+00:00,7.975509415375345e-13
2024-03-26 09:30:00+00:00,4.0716540898177785e-15
2024-03-26 10:00:00+00:00,-5.088437173728481e-14
2024-03-26 10:30:00+00:00,-1.1019991963219748e-12
2024-03-26 11:00:00+00:00,-1.6951024895753896e-12
2024-03-26 11:30:00+00:00,-8.402500463063902e-13
2024-03-26 12:00:00+00:00,-1.220427243651337e-12
2024-03-26 12:30:00+00:00,-7.462168767827949e-14
2024-03-26 13:00:00+00:00,-2.511655613089752e-13
2024-03-26 13:30:00+00:00,-2.7588257297710467e-13
2024-03-26 14:00:00+00:00,3.914962619931535e-12
2024-03-26 14:30:00+00:00,-2.4057119391143206e-11
2024-03-26 15:00:00+00:00,-3.569209760327311e-11
2024-03-26 15:30:00+00:00,3.53106865214086e-11
2024-03-26 16:00:00+00:00,5.194001929823115e-13
2024-03-26 16:30:00+00:00,9.889339209269018e-13
2024-03-26 17:00:00+00:00,7.968414282135132e-12
2024-03-26 17:30:00+00:00,8.810274555352219e-14
2024-03-26 18:00:00+00:00,1.464368467407829e-12
2024-03-26 18:30:00+00:00,-2.4098083510666563e-12
2024-03-26 19:00:00+00:00,-3.043453098460847e-13
2024-03-26 19:30:00+00:00,4.199570890045104e-12
2024-03-26 20:00:00+00:00,5.798945257987396e-12
2024-03-26 20:30:00+00:00,-3.723871129572332e-13
2024-03-26 21:00:00+00:00,-1.137348302381001e-12
2024-03-26 21:30:00+00:00,1.0190112703103824e-13
2024-03-26 22:00:00+00:00,-1.048690063864798e-12
2024-03-26 22:30:00+00:00,2.3419789825569e-13
2024-03-26 23:00:00+00:00,-2.70058950145471e-13
2024-03-26 23:30:00+00:00,-1.2566202354217334e-12
2024-03-27 00:00:00+00:00,-1.2964878239033314e-12
2024-03-27 00:30:00+00:00,4.869180321548433e-13
2024-03-27 01:00:00+00:00,-3.119069095054878e-13
2024-03-27 01:30:00+00:00,-2.543414587714666e-13
2024-03-27 02:00:00+00:00,-7.696826327344775e-13
2024-03-27 02:30:00+00:00,-1.3405855225294778e-12
2024-03-27 03:00:00+00:00,-8.199146360989044e-13
2024-03-27 03:30:00+00:00,-1.1175672961292288e-12
2024-03-27 04:00:00+00:00,-4.783678484520443e-13
2024-03-27 04:30:00+00:00,-9.730595028662477e-13
2024-03-27 05:00:00+00:00,-1.5500997222793657e-14
2024-03-27 05:30:00+00:00,-8.586085893704064e-13
2024-03-27 06:00:00+00:00,-9.671428438720884e-13
2024-03-27 06:30:00+00:00,-8.954861050718318e-13
2024-03-27 07:00:00+00:00,-2.022854281382378e-13
2024-03-27 07:30:00+00:00,4.0839398272106167e-13
2024-03-27 08:00:00+00:00,1.1119370799609307e-13
2024-03-27 08:30:00+00:00,2.160886285793065e-13
2024-03-27 09:00:00+00:00,3.883636484172909e-14
2024-03-27 09:30:00+00:00,3.662358009315806e-13
2024-03-27 10:00:00+00:00,1.5337095957463652e-12
2024-03-27 10:30:00+00:00,-3.6046650776666e-13
2024-03-27 11:00:00+00:00,-7.501690019479044e-13
2024-03-27 11:30:00+00:00,-9.974774686137245e-13
2024-03-27 12:00:00+00:00,-4.332133445386901e-13
2024-03-27 12:30:00+00:00,-4.736053166450326e-13
2024-03-27 13:00:00+00:00,-9.584329071081361e-14
2024-03-27 13:30:00+00:00,2.482503623105385e-12
2024-03-27 14:00:00+00:00,-7.138089864383696e-11
2024-03-27 14:30:00+00:00,-5.905807434781951e-11
2024-03-27 15:00:00+00:00,1.1483041169761848e-10
2024-03-27 15:30:00+00:00,-2.8414242746627654e-12
2024-03-27 16:00:00+00:00,1.1064572204745205e-11
2024-03-27 16:30:00+00:00,-5.629045773821006e-13
2024-03-27 17:00:00+00:00,1.742658996678818e-11
2024-03-27 17:30:00+00:00,-2.6174694792913983e-12
2024-03-27 18:00:00+00:00,-1.701608503774356e-12
2024-03-27 18:30:00+00:00,1.861112513208037e-12
2024-03-27 19:00:00+00:00,-1.1758794909744001e-13
2024-03-27 19:30:00+00:00,-6.568850955713713e-13
2024-03-27 20:00:00+00:00,2.3215288877997357e-12
2024-03-27 20:30:00+00:00,-7.602391704139714e-13
2024-03-27 21:00:00+00:00,-1.9255859306946653e-12
2024-03-27 21:30:00+00:00,-2.3743369682285965e-12
2024-03-27 22:00:00+00:00,-9.417920895651624e-13
2024-03-27 22:30:00+00:00,-3.27661959759776e-13
2024-03-27 23:00:00+00:00,-1.1757558835942921e-12
2024-03-27 23:30:00+00:00,-1.5725573319546038e-12
2024-03-28 00:00:00+00:00,-1.8884104330960693e-13
2024-03-28 00:30:00+00:00,-2.654313204207633e-13
2024-03-28 01:00:00+00:00,9.301386783866822e-13
2024-03-28 01:30:00+00:00,-8.072423208166518e-13
2024-03-28 02:00:00+00:00,-4.98378384164411e-13
2024-03-28 02:30:00+00:00,-3.777935517882499e-13
2024-03-28 03:00:00+00:00,5.943478237261775e-13
2024-03-28 03:30:00+00:00,1.979919144509728e-12
2024-03-28 04:00:00+00:00,5.738920218010379e-14
2024-03-28 04:30:00+00:00,-6.339230919948544e-13
2024-03-28 05:00:00+00:00,-8.141683509963319e-13
2024-03-28 05:30:00+00:00,-1.3760012432490426e-13
2024-03-28 06:00:00+00:00,-7.664022882119896e-13
2024-03-28 06:30:00+00:00,-1.874059703243121e-13
2024-03-28 07:00:00+00:00,-3.5717360573282405e-14
2024-03-28 07:30:00+00:00,-4.58337789759948e-13
2024-03-28 08:00:00+00:00,-1.0372233909740891e-12
2024-03-28 08:30:00+00:00,3.657256033866861e-13
2024-03-28 09:00:00+00:00,2.8543149248145025e-14
2024-03-28 09:30:00+00:00,-2.254197461358744e-13
2024-03-28 10:00:00+00:00,-1.1827238266247895e-12
2024-03-28 10:30:00+00:00,-5.138941583288518e-14
2024-03-28 11:00:00+00:00,-4.4494743850741846e-13
2024-03-28 11:30:00+00:00,-2.4978432915561287e-13
2024-03-28 12:00:00+00:00,-5.695248590608856e-13
2024-03-28 12:30:00+00:00,8.647777594612514e-13
2024-03-28 13:00:00+00:00,2.2205466701191248e-13
2024-03-28 13:30:00+00:00,3.7004052626192835e-13
2024-03-28 14:00:00+00:00,-3.0413156952677863e-12
2024-03-28 14:30:00+00:00,7.489792007724028e-12
2024-03-28 15:00:00+00:00,-5.070085877435167e-13
2024-03-28 15:30:00+00:00,1.4993422495676198e-13
2024-03-28 16:00:00+00:00,-2.659778086340246e-13
2024-03-28 16:30:00+00:00,1.841620834001089e-12
2024-03-28 17:00:00+00:00,6.754876224292581e-13
2024-03-28 17:30:00+00:00,-1.099714679247769e-13
2024-03-28 18:00:00+00:00,-6.291114444021192e-13
2024-03-28 18:30:00+00:00,-1.3662018457578469e-12
2024-03-28 19:00:00+00:00,-7.753695560783668e-13
2024-03-28 19:30:00+00:00,-4.2494301788825434e-13
2024-03-28 20:00:00+00:00,-8.040254198098868e-13
2024-03-28 20:30:00+00:00,-1.027064598000042e-12
2024-03-28 21:00:00+00:00,-1.3818787714845846e-12
2024-03-28 21:30:00+00:00,-9.937416588768321e-13
2024-03-28 22:00:00+00:00,-1.1709788548501671e-12
2024-03-28 22:30:00+00:00,-2.890188027222684e-13
2024-03-28 23:00:00+00:00,-9.269015912983903e-13
2024-03-28 23:30:00+00:00,-5.508750074621947e-13
2024-03-29 00:00:00+00:00,-1.026145107230276e-12
2024-03-29 00:30:00+00:00,-3.814478618412966e-13
2024-03-29 01:00:00+00:00,-7.870819583291174e-13
2024-03-29 01:30:00+00:00,-2.904897182452722e-13
2024-03-29 02:00:00+00:00,-6.180025034572967e-13
2024-03-29 02:30:00+00:00,-4.906027880688719e-13
2024-03-29 03:00:00+00:00,-5.313137527802421e-13
2024-03-29 03:30:00+00:00,-5.976196411523694e-13
2024-03-29 04:00:00+00:00,-6.104841586450349e-13
2024-03-29 04:30:00+00:00,1.4232555490295611e-11
2024-03-29 05:00:00+00:00,6.437122004659068e-11
2024-03-29 05:30:00+00:00,2.0194717290697546e-11
2024-03-29 06:00:00+00:00,-1.287096399480367e-12
2024-03-29 06:30:00+00:00,-4.75480919365274e-13
2024-03-29 07:00:00+00:00,-9.043395689791435e-13
2024-03-29 07:30:00+00:00,-1.4555547502793117e-12
2024-03-29 08:00:00+00:00,5.495171664994285e-12
2024-03-29 08:30:00+00:00,1.3770296089601173e-11
2024-03-29 09:00:00+00:00,-1.0471612755580162e-12
2024-03-29 09:30:00+00:00,-1.3120851410037987e-12
2024-03-29 10:00:00+00:00,9.746347863375107e-13
2024-03-29 10:30:00+00:00,-2.2697490454797602e-13
2024-03-29 11:00:00+00:00,-8.479757910733097e-13
2024-03-29 11:30:00+00:00,-2.993110647242645e-13
2024-03-29 12:00:00+00:00,-4.340501137906198e-13
2024-03-29 12:30:00+00:00,1.0790111681525154e-12
2024-03-29 13:00:00+00:00,1.2229332800955303e-12
2024-03-29 13:30:00+00:00,-2.7897817615971787e-13
2024-03-29 14:00:00+00:00,-2.1717806615369211e-13
2024-03-29 14:30:00+00:00,7.279239057770551e-14
2024-03-29 15:00:00+00:00,-3.956911717636844e-13
2024-03-29 15:30:00+00:00,1.9975176855057033e-13
2024-03-29 16:00:00+00:00,9.38308456161694e-13
2024-03-29 16:30:00+00:00,2.05510984488755e-11
2024-03-29 17:00:00+00:00,-6.71501362596691e-14
2024-03-29 17:30:00+00:00,-3.1388702580254663e-13
2024-03-29 18:00:00+00:00,2.821652345394932e-13
2024-03-29 18:30:00+00:00,-3.2497538762038397e-13
2024-03-29 19:00:00+00:00,-1.0131789002553434e-12
2024-03-29 19:30:00+00:00,-9.124856220950558e-13
2024-03-29 20:00:00+00:00,-1.178147078136447e-12
2024-03-29 20:30:00+00:00,-1.1933641576095045e-12
2024-03-29 21:00:00+00:00,-7.54064644463463e-13
2024-03-29 21:30:00+00:00,-3.8559418326564555e-13
2024-03-29 22:00:00+00:00,1.024986289727347e-13
2024-03-29 22:30:00+00:00,-3.096768226405139e-13
2024-03-29 23:00:00+00:00,-8.401017409161357e-13
2024-03-29 23:30:00+00:00,-7.515580533483178e-13
2024-03-30 00:00:00+00:00,-7.006063171345747e-13
2024-03-30 00:30:00+00:00,-1.7613768180066164e-14
2024-03-30 01:00:00+00:00,-5.280555989454719e-13
2024-03-30 01:30:00+00:00,-6.013918708136462e-13
2024-03-30 02:00:00+00:00,-8.12917895398987e-13
2024-03-30 02:30:00+00:00,-9.756125306715885e-13
2024-03-30 03:00:00+00:00,-1.0626333877257474e-12
2024-03-30 03:30:00+00:00,1.5487345763704997e-13
2024-03-30 04:00:00+00:00,-5.226187729138486e-13
2024-03-30 04:30:00+00:00,-6.836143610596283e-13
2024-03-30 05:00:00+00:00,-8.721877866897766e-13
2024-03-30 05:30:00+00:00,1.9005159640492573e-12
2024-03-30 06:00:00+00:00,1.0583414946358775e-12
2024-03-30 06:30:00+00:00,-6.907879911189799e-13
2024-03-30 07:00:00+00:00,-7.594373912042973e-13
2024-03-30 07:30:00+00:00,-8.150864582370781e-13
2024-03-30 08:00:00+00:00,-4.831628835229517e-13
2024-03-30 08:30:00+00:00,-5.157625666837156e-13
2024-03-30 09:00:00+00:00,-3.862904722596839e-13
2024-03-30 09:30:00+00:00,1.748522899211806e-14
2024-03-30 10:00:00+00:00,-7.891709643265594e-13
2024-03-30 10:30:00+00:00,-1.0077140338886099e-12
2024-03-30 11:00:00+00:00,-7.374023922323274e-13
2024-03-30 11:30:00+00:00,-5.92501667587435e-13
2024-03-30 12:00:00+00:00,-3.960388968141999e-13
2024-03-30 12:30:00+00:00,-4.4396446026905835e-13
2024-03-30 13:00:00+00:00,-8.198887916853299e-13
2024-03-30 13:30:00+00:00,-5.329872510794987e-13
2024-03-30 14:00:00+00:00,-4.326386917587889e-13
2024-03-30 14:30:00+00:00,-7.479187597439453e-13
2024-03-30 15:00:00+00:00,-6.923646662425533e-14
2024-03-30 15:30:00+00:00,-4.892684724546409e-13
2024-03-30 16:00:00+00:00,-6.644346891591044e-13
2024-03-30 16:30:00+00:00,-3.536539166454304e-13
2024-03-30 17:00:00+00:00,2.3794243340591125e-13
2024-03-30 17:30:00+00:00,-1.7845557158111611e-13
2024-03-30 18:00:00+00:00,-7.777922589516959e-13
2024-03-30 18:30:00+00:00,-7.563190420178601e-13
2024-03-30 19:00:00+00:00,-5.892321868125541e-13
2024-03-30 19:30:00+00:00,2.9694473502275416e-13
2024-03-30 20:00:00+00:00,-2.1181968040442918e-13
2024-03-30 20:30:00+00:00,-5.803079564167402e-13
2024-03-30 21:00:00+00:00,-6.412198107803743e-13
2024-03-30 21:30:00+00:00,-6.07167744580129e-13
2024-03-30 22:00:00+00:00,5.418387109036039e-14
2024-03-30 22:30:00+00:00,-3.977662831626665e-13
2024-03-30 23:00:00+00:00,-2.7307168155071396e-13
2024-03-30 23:30:00+00:00,-3.796194104015378e-13
2024-03-31 00:00:00+00:00,-4.640950454136432e-13
2024-03-31 00:30:00+00:00,-4.609044171763478e-13
2024-03-31 01:00:00+00:00,-4.963689931495918e-13
2024-03-31 01:30:00+00:00,-3.5267843902951423e-13
2024-03-31 02:00:00+00:00,-6.491972566261488e-13
2024-03-31 02:30:00+00:00,-2.695016778132461e-13
2024-03-31 03:00:00+00:00,-9.358053613528669e-14
2024-03-31 03:30:00+00:00,-4.749204465043937e-13
2024-03-31 04:00:00+00:00,-7.141929251919478e-13
2024-03-31 04:30:00+00:00,-6.659971975033014e-13
2024-03-31 05:00:00+00:00,-5.690759012696678e-13
2024-03-31 05:30:00+00:00,8.353360555019177e-13
2024-03-31 06:00:00+00:00,-1.9693542355566576e-13
2024-03-31 06:30:00+00:00,-3.437126768593924e-13
2024-03-31 07:00:00+00:00,-2.6930598908848096e-13
2024-03-31 07:30:00+00:00,-2.9428146331733843e-13
2024-03-31 08:00:00+00:00,-7.129404808556775e-13
2024-03-31 08:30:00+00:00,-7.369770367381433e-13
2024-03-31 09:00:00+00:00,-4.3116507457040433e-13
2024-03-31 09:30:00+00:00,-6.337953928809353e-13
2024-03-31 10:00:00+00:00,-8.740279304502529e-13
2024-03-31 10:30:00+00:00,-8.081514954237478e-13
2024-03-31 11:00:00+00:00,-7.141901752739341e-13
2024-03-31 11:30:00+00:00,-4.1002084287120904e-13
2024-03-31 12:00:00+00:00,-6.884583540328446e-13
2024-03-31 12:30:00+00:00,6.763639627576146e-14
2024-03-31 13:00:00+00:00,-4.573858656100657e-13
2024-03-31 13:30:00+00:00,-3.313551053359647e-13
2024-03-31 14:00:00+00:00,-4.200667994930347e-13
2024-03-31 14:30:00+00:00,-5.363940847454061e-13
2024-03-31 15:00:00+00:00,-6.089086401073393e-13
2024-03-31 15:30:00+00:00,-4.0731239047998073e-13
2024-03-31 16:00:00+00:00,-7.196438461684262e-13
2024-03-31 16:30:00+00:00,-4.83554396027479e-13
2024-03-31 17:00:00+00:00,-7.855496508215401e-13
2024-03-31 17:30:00+00:00,-8.558163656752999e-13
2024-03-31 18:00:00+00:00,-5.56466407809396e-13
2024-03-31 18:30:00+00:00,-6.791417408301777e-13
2024-03-31 19:00:00+00:00,3.188459531568774e-12
2024-03-31 19:30:00+00:00,3.2186292632492168e-12
2024-03-31 20:00:00+00:00,-3.62611881322297e-13
2024-03-31 20:30:00+00:00,-5.706890966432512e-13
2024-03-31 21:00:00+00:00,-5.410402165258875e-13
2024-03-31 21:30:00+00:00,-4.0571319741727003e-13
2024-03-31 22:00:00+00:00,9.957626014438362e-14
2024-03-31 22:30:00+00:00,-1.882699412323634e-13
2024-03-31 23:00:00+00:00,-4.962173095675435e-13
2024-03-31 23:30:00+00:00,-5.296621883797885e-13
